hs6,carbon_intensity
250900,0.00253976849538409
251400,0.00253976849538409
251511,0.00253976849538409
251512,0.00253976849538409
251520,0.00253976849538409
251611,0.00253976849538409
251612,0.00253976849538409
251620,0.00253976849538409
251621,0.00253976849538409
251622,0.00253976849538409
251810,0.00253976849538409
252010,0.00253976849538409
252100,0.00253976849538409
250510,0.00016193933628473
250590,0.00016193933628473
250700,0.00016193933628473
250810,0.00016193933628473
250820,0.00016193933628473
250830,0.00016193933628473
251720,0.00016193933628473
251741,0.00016193933628473
251749,0.00016193933628473
021011,0.00052047603320438
021012,0.00052047603320438
021019,0.00052047603320438
021020,0.00052047603320438
021090,0.00052047603320438
021091,0.00052047603320438
021092,0.00052047603320438
021093,0.00052047603320438
021099,0.00052047603320438
230110,0.00052047603320438
071010,0.000240532047292371
071210,0.000240532047292371
110510,0.000240532047292371
110520,0.000240532047292371
200410,0.000240532047292371
200520,0.000240532047292371
071021,0.000116142843224117
071022,0.000116142843224117
071029,0.000116142843224117
071030,0.000116142843224117
071040,0.000116142843224117
071080,0.000116142843224117
071090,0.000116142843224117
071110,0.000116142843224117
071120,0.000116142843224117
071130,0.000116142843224117
071140,0.000116142843224117
071151,0.000116142843224117
071159,0.000116142843224117
071190,0.000116142843224117
071220,0.000116142843224117
071230,0.000116142843224117
071231,0.000116142843224117
071232,0.000116142843224117
071233,0.000116142843224117
071239,0.000116142843224117
071290,0.000116142843224117
080620,0.000116142843224117
081110,0.000116142843224117
081120,0.000116142843224117
081190,0.000116142843224117
081210,0.000116142843224117
081220,0.000116142843224117
081290,0.000116142843224117
081400,0.000116142843224117
200110,0.000116142843224117
200120,0.000116142843224117
200190,0.000116142843224117
200290,0.000116142843224117
200791,0.000116142843224117
200799,0.000116142843224117
200811,0.000116142843224117
200819,0.000116142843224117
230800,0.000116142843224117
230810,0.000116142843224117
230890,0.000116142843224117
120810,7.40463026674151e-05
120890,7.40463026674151e-05
140420,7.40463026674151e-05
150300,7.40463026674151e-05
150410,7.40463026674151e-05
150420,7.40463026674151e-05
150430,7.40463026674151e-05
150600,7.40463026674151e-05
150710,7.40463026674151e-05
150790,7.40463026674151e-05
150810,7.40463026674151e-05
150890,7.40463026674151e-05
150910,7.40463026674151e-05
150990,7.40463026674151e-05
151000,7.40463026674151e-05
151110,7.40463026674151e-05
151190,7.40463026674151e-05
151211,7.40463026674151e-05
151219,7.40463026674151e-05
151221,7.40463026674151e-05
151229,7.40463026674151e-05
151311,7.40463026674151e-05
151319,7.40463026674151e-05
151321,7.40463026674151e-05
151329,7.40463026674151e-05
151410,7.40463026674151e-05
151411,7.40463026674151e-05
151419,7.40463026674151e-05
151490,7.40463026674151e-05
151491,7.40463026674151e-05
151499,7.40463026674151e-05
151511,7.40463026674151e-05
151519,7.40463026674151e-05
151530,7.40463026674151e-05
151540,7.40463026674151e-05
151550,7.40463026674151e-05
151560,7.40463026674151e-05
151590,7.40463026674151e-05
151610,7.40463026674151e-05
151620,7.40463026674151e-05
152110,7.40463026674151e-05
152200,7.40463026674151e-05
230400,7.40463026674151e-05
230500,7.40463026674151e-05
230610,7.40463026674151e-05
230620,7.40463026674151e-05
230630,7.40463026674151e-05
230640,7.40463026674151e-05
230641,7.40463026674151e-05
230649,7.40463026674151e-05
230650,7.40463026674151e-05
230660,7.40463026674151e-05
230670,7.40463026674151e-05
230690,7.40463026674151e-05
040110,0.000104394151359166
040120,0.000104394151359166
040130,0.000104394151359166
040140,0.000104394151359166
040150,0.000104394151359166
040210,0.000104394151359166
040221,0.000104394151359166
040229,0.000104394151359166
040291,0.000104394151359166
040299,0.000104394151359166
040310,0.000104394151359166
040390,0.000104394151359166
040410,0.000104394151359166
040490,0.000104394151359166
040500,0.000104394151359166
040510,0.000104394151359166
040590,0.000104394151359166
040610,0.000104394151359166
040620,0.000104394151359166
040630,0.000104394151359166
040640,0.000104394151359166
040690,0.000104394151359166
170210,0.000104394151359166
170211,0.000104394151359166
170219,0.000104394151359166
350110,0.000104394151359166
110811,0.000192916943139721
110812,0.000192916943139721
110813,0.000192916943139721
110814,0.000192916943139721
110819,0.000192916943139721
110820,0.000192916943139721
110900,0.000192916943139721
151521,0.000192916943139721
151529,0.000192916943139721
170230,0.000192916943139721
170240,0.000192916943139721
170250,0.000192916943139721
170260,0.000192916943139721
170290,0.000192916943139721
190300,0.000192916943139721
230310,0.000192916943139721
350510,0.000192916943139721
190510,6.76207901079576e-05
190520,6.76207901079576e-05
190530,6.76207901079576e-05
190531,6.76207901079576e-05
190532,6.76207901079576e-05
190540,6.76207901079576e-05
190590,6.76207901079576e-05
170111,0.000250934685102268
170112,0.000250934685102268
170113,0.000250934685102268
170114,0.000250934685102268
170191,0.000250934685102268
170199,0.000250934685102268
170220,0.000250934685102268
170310,0.000250934685102268
170390,0.000250934685102268
230320,0.000250934685102268
170410,7.18540545962302e-05
170490,7.18540545962302e-05
180310,7.18540545962302e-05
180320,7.18540545962302e-05
180400,7.18540545962302e-05
180500,7.18540545962302e-05
180610,7.18540545962302e-05
180620,7.18540545962302e-05
180631,7.18540545962302e-05
180632,7.18540545962302e-05
180690,7.18540545962302e-05
200600,7.18540545962302e-05
090112,0.00030618417889528
090121,0.00030618417889528
090122,0.00030618417889528
090140,0.00030618417889528
090210,0.00030618417889528
090230,0.00030618417889528
210110,0.00030618417889528
210111,0.00030618417889528
210112,0.00030618417889528
210120,0.00030618417889528
210130,0.00030618417889528
190220,0.00013854635799128
190230,0.00013854635799128
040811,0.000296156971189152
040819,0.000296156971189152
040891,0.000296156971189152
040899,0.000296156971189152
160300,0.000296156971189152
190190,0.000296156971189152
210210,0.000296156971189152
210220,0.000296156971189152
210230,0.000296156971189152
210410,0.000296156971189152
350210,0.000296156971189152
350211,0.000296156971189152
350219,0.000296156971189152
220300,4.13504467141821e-05
230330,4.13504467141821e-05
110710,0.000135021070032585
110720,0.000135021070032585
220110,4.74707702906322e-05
220190,4.74707702906322e-05
220210,4.74707702906322e-05
220290,4.74707702906322e-05
220291,4.74707702906322e-05
220299,4.74707702906322e-05
500710,0.00011706530946118
500720,0.00011706530946118
500790,0.00011706530946118
511111,0.00011706530946118
511119,0.00011706530946118
511120,0.00011706530946118
511130,0.00011706530946118
511190,0.00011706530946118
511211,0.00011706530946118
511219,0.00011706530946118
511220,0.00011706530946118
511230,0.00011706530946118
511290,0.00011706530946118
511300,0.00011706530946118
520811,0.00011706530946118
520821,0.00011706530946118
520942,0.00011706530946118
520943,0.00011706530946118
521142,0.00011706530946118
521143,0.00011706530946118
530911,0.00011706530946118
530919,0.00011706530946118
530921,0.00011706530946118
530929,0.00011706530946118
531010,0.00011706530946118
531090,0.00011706530946118
531100,0.00011706530946118
540710,0.00011706530946118
540720,0.00011706530946118
540730,0.00011706530946118
540741,0.00011706530946118
540742,0.00011706530946118
540743,0.00011706530946118
540744,0.00011706530946118
540751,0.00011706530946118
540752,0.00011706530946118
540753,0.00011706530946118
540754,0.00011706530946118
540760,0.00011706530946118
540761,0.00011706530946118
540769,0.00011706530946118
540771,0.00011706530946118
540772,0.00011706530946118
540773,0.00011706530946118
540774,0.00011706530946118
540781,0.00011706530946118
540782,0.00011706530946118
540783,0.00011706530946118
540784,0.00011706530946118
540791,0.00011706530946118
540792,0.00011706530946118
540793,0.00011706530946118
540794,0.00011706530946118
540810,0.00011706530946118
540821,0.00011706530946118
540822,0.00011706530946118
540823,0.00011706530946118
540824,0.00011706530946118
540831,0.00011706530946118
540832,0.00011706530946118
540833,0.00011706530946118
540834,0.00011706530946118
551211,0.00011706530946118
551219,0.00011706530946118
551221,0.00011706530946118
551229,0.00011706530946118
551291,0.00011706530946118
551299,0.00011706530946118
551311,0.00011706530946118
551312,0.00011706530946118
551313,0.00011706530946118
551319,0.00011706530946118
551321,0.00011706530946118
551322,0.00011706530946118
551323,0.00011706530946118
551329,0.00011706530946118
551331,0.00011706530946118
551332,0.00011706530946118
551333,0.00011706530946118
551339,0.00011706530946118
551341,0.00011706530946118
551342,0.00011706530946118
551343,0.00011706530946118
551349,0.00011706530946118
551411,0.00011706530946118
551412,0.00011706530946118
551413,0.00011706530946118
551419,0.00011706530946118
551421,0.00011706530946118
551422,0.00011706530946118
551423,0.00011706530946118
551429,0.00011706530946118
551430,0.00011706530946118
551431,0.00011706530946118
551432,0.00011706530946118
551433,0.00011706530946118
551439,0.00011706530946118
551441,0.00011706530946118
551442,0.00011706530946118
551443,0.00011706530946118
551449,0.00011706530946118
551511,0.00011706530946118
551512,0.00011706530946118
551513,0.00011706530946118
551519,0.00011706530946118
551521,0.00011706530946118
551522,0.00011706530946118
551529,0.00011706530946118
551591,0.00011706530946118
551592,0.00011706530946118
551599,0.00011706530946118
551611,0.00011706530946118
551612,0.00011706530946118
551613,0.00011706530946118
551614,0.00011706530946118
551621,0.00011706530946118
551622,0.00011706530946118
551623,0.00011706530946118
551624,0.00011706530946118
551631,0.00011706530946118
551632,0.00011706530946118
551633,0.00011706530946118
551634,0.00011706530946118
551641,0.00011706530946118
551642,0.00011706530946118
551643,0.00011706530946118
551644,0.00011706530946118
551691,0.00011706530946118
551692,0.00011706530946118
551693,0.00011706530946118
551694,0.00011706530946118
580110,0.00011706530946118
580121,0.00011706530946118
580122,0.00011706530946118
580123,0.00011706530946118
580124,0.00011706530946118
580125,0.00011706530946118
580126,0.00011706530946118
580127,0.00011706530946118
580131,0.00011706530946118
580132,0.00011706530946118
580133,0.00011706530946118
580134,0.00011706530946118
580135,0.00011706530946118
580136,0.00011706530946118
580137,0.00011706530946118
580190,0.00011706530946118
580211,0.00011706530946118
580219,0.00011706530946118
580220,0.00011706530946118
580230,0.00011706530946118
580300,0.00011706530946118
580310,0.00011706530946118
580390,0.00011706530946118
701920,0.00011706530946118
701940,0.00011706530946118
701951,0.00011706530946118
701952,0.00011706530946118
701959,0.00011706530946118
580500,0.000220311430274379
630120,0.000220311430274379
630130,0.000220311430274379
630140,0.000220311430274379
630190,0.000220311430274379
630210,0.000220311430274379
630221,0.000220311430274379
630222,0.000220311430274379
630229,0.000220311430274379
630231,0.000220311430274379
630232,0.000220311430274379
630239,0.000220311430274379
630240,0.000220311430274379
630251,0.000220311430274379
630252,0.000220311430274379
630253,0.000220311430274379
630259,0.000220311430274379
630260,0.000220311430274379
630291,0.000220311430274379
630292,0.000220311430274379
630293,0.000220311430274379
630299,0.000220311430274379
630311,0.000220311430274379
630312,0.000220311430274379
630319,0.000220311430274379
630391,0.000220311430274379
630392,0.000220311430274379
630399,0.000220311430274379
630411,0.000220311430274379
630419,0.000220311430274379
630420,0.000220311430274379
630491,0.000220311430274379
630492,0.000220311430274379
630493,0.000220311430274379
630499,0.000220311430274379
630510,0.000220311430274379
630520,0.000220311430274379
630531,0.000220311430274379
630532,0.000220311430274379
630533,0.000220311430274379
630539,0.000220311430274379
630590,0.000220311430274379
630611,0.000220311430274379
630612,0.000220311430274379
630619,0.000220311430274379
630621,0.000220311430274379
630622,0.000220311430274379
630629,0.000220311430274379
630630,0.000220311430274379
630631,0.000220311430274379
630639,0.000220311430274379
630640,0.000220311430274379
630641,0.000220311430274379
630649,0.000220311430274379
630690,0.000220311430274379
630691,0.000220311430274379
630699,0.000220311430274379
630710,0.000220311430274379
630720,0.000220311430274379
630790,0.000220311430274379
630800,0.000220311430274379
880400,0.000220311430274379
940430,0.000220311430274379
940490,0.000220311430274379
570110,5.89017997549025e-05
570190,5.89017997549025e-05
570210,5.89017997549025e-05
570220,5.89017997549025e-05
570231,5.89017997549025e-05
570232,5.89017997549025e-05
570239,5.89017997549025e-05
570241,5.89017997549025e-05
570242,5.89017997549025e-05
570249,5.89017997549025e-05
570250,5.89017997549025e-05
570251,5.89017997549025e-05
570252,5.89017997549025e-05
570259,5.89017997549025e-05
570291,5.89017997549025e-05
570292,5.89017997549025e-05
570299,5.89017997549025e-05
570310,5.89017997549025e-05
570320,5.89017997549025e-05
570330,5.89017997549025e-05
570390,5.89017997549025e-05
570410,5.89017997549025e-05
570420,5.89017997549025e-05
570490,5.89017997549025e-05
570500,5.89017997549025e-05
560300,0.000247085707028169
560311,0.000247085707028169
560312,0.000247085707028169
560313,0.000247085707028169
560314,0.000247085707028169
560391,0.000247085707028169
560392,0.000247085707028169
560393,0.000247085707028169
560394,0.000247085707028169
440121,2.45790412664464e-07
440122,2.45790412664464e-07
440310,2.45790412664464e-07
440311,2.45790412664464e-07
440312,2.45790412664464e-07
440500,2.45790412664464e-07
440610,2.45790412664464e-07
440611,2.45790412664464e-07
440612,2.45790412664464e-07
440690,2.45790412664464e-07
440691,2.45790412664464e-07
440692,2.45790412664464e-07
440910,2.45790412664464e-07
440920,2.45790412664464e-07
440921,2.45790412664464e-07
440922,2.45790412664464e-07
440929,2.45790412664464e-07
441090,0.000103162126220904
441111,0.000103162126220904
441112,0.000103162126220904
441113,0.000103162126220904
441114,0.000103162126220904
441119,0.000103162126220904
441121,0.000103162126220904
441129,0.000103162126220904
441131,0.000103162126220904
441139,0.000103162126220904
441191,0.000103162126220904
441192,0.000103162126220904
441193,0.000103162126220904
441194,0.000103162126220904
441199,0.000103162126220904
441300,0.000103162126220904
470100,0.000347153798341289
470200,0.000347153798341289
470311,0.000347153798341289
470319,0.000347153798341289
470321,0.000347153798341289
470329,0.000347153798341289
470411,0.000347153798341289
470419,0.000347153798341289
470421,0.000347153798341289
470429,0.000347153798341289
470500,0.000347153798341289
470610,0.000347153798341289
470620,0.000347153798341289
470630,0.000347153798341289
470691,0.000347153798341289
470692,0.000347153798341289
470693,0.000347153798341289
442191,0.000567077230214008
442199,0.000567077230214008
480100,0.000567077230214008
480210,0.000567077230214008
480220,0.000567077230214008
480240,0.000567077230214008
480251,0.000567077230214008
480252,0.000567077230214008
480253,0.000567077230214008
480254,0.000567077230214008
480255,0.000567077230214008
480256,0.000567077230214008
480257,0.000567077230214008
480258,0.000567077230214008
480260,0.000567077230214008
480261,0.000567077230214008
480262,0.000567077230214008
480269,0.000567077230214008
480300,0.000567077230214008
480411,0.000567077230214008
480419,0.000567077230214008
480421,0.000567077230214008
480429,0.000567077230214008
480431,0.000567077230214008
480439,0.000567077230214008
480441,0.000567077230214008
480442,0.000567077230214008
480449,0.000567077230214008
480451,0.000567077230214008
480452,0.000567077230214008
480459,0.000567077230214008
480511,0.000567077230214008
480512,0.000567077230214008
480519,0.000567077230214008
480524,0.000567077230214008
480525,0.000567077230214008
480530,0.000567077230214008
480540,0.000567077230214008
480550,0.000567077230214008
480591,0.000567077230214008
480592,0.000567077230214008
480593,0.000567077230214008
480610,0.000567077230214008
480620,0.000567077230214008
480630,0.000567077230214008
480640,0.000567077230214008
480700,0.000567077230214008
480710,0.000567077230214008
480790,0.000567077230214008
480791,0.000567077230214008
480799,0.000567077230214008
480820,0.000567077230214008
480830,0.000567077230214008
480840,0.000567077230214008
480890,0.000567077230214008
480910,0.000567077230214008
480920,0.000567077230214008
480990,0.000567077230214008
481011,0.000567077230214008
481012,0.000567077230214008
481013,0.000567077230214008
481014,0.000567077230214008
481019,0.000567077230214008
481021,0.000567077230214008
481022,0.000567077230214008
481029,0.000567077230214008
481031,0.000567077230214008
481032,0.000567077230214008
481039,0.000567077230214008
481091,0.000567077230214008
481092,0.000567077230214008
481099,0.000567077230214008
481110,0.000567077230214008
481121,0.000567077230214008
481129,0.000567077230214008
481131,0.000567077230214008
481139,0.000567077230214008
481140,0.000567077230214008
481141,0.000567077230214008
481149,0.000567077230214008
481151,0.000567077230214008
481159,0.000567077230214008
481160,0.000567077230214008
481190,0.000567077230214008
481390,0.000567077230214008
761690,0.000567077230214008
844331,0.000567077230214008
844332,0.000567077230214008
844339,0.000567077230214008
844391,0.000567077230214008
844399,0.000567077230214008
845610,0.000567077230214008
845611,0.000567077230214008
845612,0.000567077230214008
845640,0.000567077230214008
845690,0.000567077230214008
847141,0.000567077230214008
847149,0.000567077230214008
847150,0.000567077230214008
847290,0.000567077230214008
847310,0.000567077230214008
847340,0.000567077230214008
848620,0.000567077230214008
848690,0.000567077230214008
850870,0.000567077230214008
850890,0.000567077230214008
851790,0.000567077230214008
852830,0.000567077230214008
852849,0.000567077230214008
852852,0.000567077230214008
852859,0.000567077230214008
852869,0.000567077230214008
852990,0.000567077230214008
854212,0.000567077230214008
854239,0.000567077230214008
900990,0.000567077230214008
900991,0.000567077230214008
900992,0.000567077230214008
900993,0.000567077230214008
900999,0.000567077230214008
901050,0.000567077230214008
901790,0.000567077230214008
902690,0.000567077230214008
903190,0.000567077230214008
903300,0.000567077230214008
950450,0.000567077230214008
481810,0.000165313127901089
481820,0.000165313127901089
481830,0.000165313127901089
481840,0.000165313127901089
481850,0.000165313127901089
481890,0.000165313127901089
482360,0.000165313127901089
482361,0.000165313127901089
482369,0.000165313127901089
560110,0.000165313127901089
560121,0.000165313127901089
560122,0.000165313127901089
560129,0.000165313127901089
560130,0.000165313127901089
961900,0.000165313127901089
271000,0.000176385533520131
271011,0.000176385533520131
271012,0.000176385533520131
271019,0.000176385533520131
271020,0.000176385533520131
271091,0.000176385533520131
271099,0.000176385533520131
271210,0.000176385533520131
271220,0.000176385533520131
271290,0.000176385533520131
271311,0.000176385533520131
271312,0.000176385533520131
271320,0.000176385533520131
271390,0.000176385533520131
280410,0.0013406349310581
280421,0.0013406349310581
280430,0.0013406349310581
280440,0.0013406349310581
281121,0.0013406349310581
281129,0.0013406349310581
281700,0.000484598133907646
282110,0.000484598133907646
282120,0.000484598133907646
282200,0.000484598133907646
282300,0.000484598133907646
282570,0.000484598133907646
282580,0.000484598133907646
320110,0.000484598133907646
320120,0.000484598133907646
320130,0.000484598133907646
320190,0.000484598133907646
320210,0.000484598133907646
320290,0.000484598133907646
320300,0.000484598133907646
320411,0.000484598133907646
320412,0.000484598133907646
320413,0.000484598133907646
320414,0.000484598133907646
320415,0.000484598133907646
320416,0.000484598133907646
320417,0.000484598133907646
320419,0.000484598133907646
320420,0.000484598133907646
320490,0.000484598133907646
320500,0.000484598133907646
320610,0.000484598133907646
320611,0.000484598133907646
320619,0.000484598133907646
320620,0.000484598133907646
320630,0.000484598133907646
320641,0.000484598133907646
320642,0.000484598133907646
320643,0.000484598133907646
320649,0.000484598133907646
320650,0.000484598133907646
250390,0.00018402899605641
260120,0.00018402899605641
280110,0.00018402899605641
280120,0.00018402899605641
280130,0.00018402899605641
280200,0.00018402899605641
280300,0.00018402899605641
280511,0.00018402899605641
280512,0.00018402899605641
280519,0.00018402899605641
280521,0.00018402899605641
280522,0.00018402899605641
280530,0.00018402899605641
280540,0.00018402899605641
280610,0.00018402899605641
280620,0.00018402899605641
280700,0.00018402899605641
280910,0.00018402899605641
280920,0.00018402899605641
281111,0.00018402899605641
281122,0.00018402899605641
281123,0.00018402899605641
281210,0.00018402899605641
281211,0.00018402899605641
281215,0.00018402899605641
281216,0.00018402899605641
281217,0.00018402899605641
281290,0.00018402899605641
281511,0.00018402899605641
281512,0.00018402899605641
281520,0.00018402899605641
281530,0.00018402899605641
281830,0.00018402899605641
282510,0.00018402899605641
282741,0.00018402899605641
282749,0.00018402899605641
282810,0.00018402899605641
282890,0.00018402899605641
282911,0.00018402899605641
282919,0.00018402899605641
282990,0.00018402899605641
283210,0.00018402899605641
283220,0.00018402899605641
283230,0.00018402899605641
283330,0.00018402899605641
283340,0.00018402899605641
283510,0.00018402899605641
283521,0.00018402899605641
283522,0.00018402899605641
283523,0.00018402899605641
283524,0.00018402899605641
283525,0.00018402899605641
283526,0.00018402899605641
283529,0.00018402899605641
283531,0.00018402899605641
283539,0.00018402899605641
283620,0.00018402899605641
283630,0.00018402899605641
283650,0.00018402899605641
283711,0.00018402899605641
283719,0.00018402899605641
283720,0.00018402899605641
283800,0.00018402899605641
283911,0.00018402899605641
283919,0.00018402899605641
283920,0.00018402899605641
283990,0.00018402899605641
284011,0.00018402899605641
284019,0.00018402899605641
284020,0.00018402899605641
284030,0.00018402899605641
284120,0.00018402899605641
284130,0.00018402899605641
284140,0.00018402899605641
284150,0.00018402899605641
284210,0.00018402899605641
284290,0.00018402899605641
284310,0.00018402899605641
284321,0.00018402899605641
284329,0.00018402899605641
284330,0.00018402899605641
284390,0.00018402899605641
284510,0.00018402899605641
284590,0.00018402899605641
284700,0.00018402899605641
285200,0.00018402899605641
285210,0.00018402899605641
285390,0.00018402899605641
710410,0.00018402899605641
710420,0.00018402899605641
151911,0.000420114621560568
151912,0.000420114621560568
151913,0.000420114621560568
151919,0.000420114621560568
151920,0.000420114621560568
152090,0.000420114621560568
220710,0.000420114621560568
220720,0.000420114621560568
270710,0.000420114621560568
270720,0.000420114621560568
270730,0.000420114621560568
270740,0.000420114621560568
270750,0.000420114621560568
270760,0.000420114621560568
270791,0.000420114621560568
270799,0.000420114621560568
284800,0.000420114621560568
284810,0.000420114621560568
284890,0.000420114621560568
285000,0.000420114621560568
285100,0.000420114621560568
285290,0.000420114621560568
285300,0.000420114621560568
285310,0.000420114621560568
290110,0.000420114621560568
290121,0.000420114621560568
290122,0.000420114621560568
290123,0.000420114621560568
290124,0.000420114621560568
290129,0.000420114621560568
290211,0.000420114621560568
290219,0.000420114621560568
290220,0.000420114621560568
290230,0.000420114621560568
290241,0.000420114621560568
290242,0.000420114621560568
290243,0.000420114621560568
290244,0.000420114621560568
290250,0.000420114621560568
290260,0.000420114621560568
290270,0.000420114621560568
290290,0.000420114621560568
290311,0.000420114621560568
290312,0.000420114621560568
290313,0.000420114621560568
290314,0.000420114621560568
290315,0.000420114621560568
290316,0.000420114621560568
290319,0.000420114621560568
290321,0.000420114621560568
290322,0.000420114621560568
290323,0.000420114621560568
290329,0.000420114621560568
290330,0.000420114621560568
290331,0.000420114621560568
290339,0.000420114621560568
290340,0.000420114621560568
290341,0.000420114621560568
290342,0.000420114621560568
290343,0.000420114621560568
290344,0.000420114621560568
290345,0.000420114621560568
290346,0.000420114621560568
290347,0.000420114621560568
290349,0.000420114621560568
290351,0.000420114621560568
290352,0.000420114621560568
290359,0.000420114621560568
290361,0.000420114621560568
290362,0.000420114621560568
290369,0.000420114621560568
290371,0.000420114621560568
290372,0.000420114621560568
290373,0.000420114621560568
290374,0.000420114621560568
290375,0.000420114621560568
290376,0.000420114621560568
290377,0.000420114621560568
290378,0.000420114621560568
290379,0.000420114621560568
290381,0.000420114621560568
290382,0.000420114621560568
290383,0.000420114621560568
290389,0.000420114621560568
290391,0.000420114621560568
290392,0.000420114621560568
290393,0.000420114621560568
290394,0.000420114621560568
290399,0.000420114621560568
290410,0.000420114621560568
290420,0.000420114621560568
290431,0.000420114621560568
290432,0.000420114621560568
290433,0.000420114621560568
290434,0.000420114621560568
290435,0.000420114621560568
290436,0.000420114621560568
290490,0.000420114621560568
290491,0.000420114621560568
290499,0.000420114621560568
290511,0.000420114621560568
290512,0.000420114621560568
290513,0.000420114621560568
290514,0.000420114621560568
290515,0.000420114621560568
290516,0.000420114621560568
290517,0.000420114621560568
290519,0.000420114621560568
290521,0.000420114621560568
290522,0.000420114621560568
290529,0.000420114621560568
290531,0.000420114621560568
290532,0.000420114621560568
290539,0.000420114621560568
290541,0.000420114621560568
290542,0.000420114621560568
290543,0.000420114621560568
290544,0.000420114621560568
290545,0.000420114621560568
290549,0.000420114621560568
290550,0.000420114621560568
290551,0.000420114621560568
290559,0.000420114621560568
290611,0.000420114621560568
290612,0.000420114621560568
290613,0.000420114621560568
290614,0.000420114621560568
290619,0.000420114621560568
290621,0.000420114621560568
290629,0.000420114621560568
290711,0.000420114621560568
290712,0.000420114621560568
290713,0.000420114621560568
290714,0.000420114621560568
290715,0.000420114621560568
290719,0.000420114621560568
290721,0.000420114621560568
290722,0.000420114621560568
290723,0.000420114621560568
290729,0.000420114621560568
290730,0.000420114621560568
290810,0.000420114621560568
290811,0.000420114621560568
290819,0.000420114621560568
290820,0.000420114621560568
290890,0.000420114621560568
290891,0.000420114621560568
290892,0.000420114621560568
290899,0.000420114621560568
290911,0.000420114621560568
290919,0.000420114621560568
290920,0.000420114621560568
290930,0.000420114621560568
290941,0.000420114621560568
290942,0.000420114621560568
290943,0.000420114621560568
290944,0.000420114621560568
290949,0.000420114621560568
290950,0.000420114621560568
290960,0.000420114621560568
291010,0.000420114621560568
291020,0.000420114621560568
291030,0.000420114621560568
291040,0.000420114621560568
291050,0.000420114621560568
291090,0.000420114621560568
291100,0.000420114621560568
291211,0.000420114621560568
291212,0.000420114621560568
291221,0.000420114621560568
291229,0.000420114621560568
291230,0.000420114621560568
291241,0.000420114621560568
291242,0.000420114621560568
291249,0.000420114621560568
291250,0.000420114621560568
291260,0.000420114621560568
291300,0.000420114621560568
291411,0.000420114621560568
291412,0.000420114621560568
291413,0.000420114621560568
291419,0.000420114621560568
291422,0.000420114621560568
291423,0.000420114621560568
291461,0.000420114621560568
291462,0.000420114621560568
291469,0.000420114621560568
291470,0.000420114621560568
291471,0.000420114621560568
291479,0.000420114621560568
291511,0.000420114621560568
291512,0.000420114621560568
291513,0.000420114621560568
291521,0.000420114621560568
291522,0.000420114621560568
291523,0.000420114621560568
291524,0.000420114621560568
291529,0.000420114621560568
291531,0.000420114621560568
291532,0.000420114621560568
291533,0.000420114621560568
291534,0.000420114621560568
291535,0.000420114621560568
291536,0.000420114621560568
291539,0.000420114621560568
291540,0.000420114621560568
291550,0.000420114621560568
291560,0.000420114621560568
291570,0.000420114621560568
291590,0.000420114621560568
291611,0.000420114621560568
291612,0.000420114621560568
291613,0.000420114621560568
291614,0.000420114621560568
291615,0.000420114621560568
291616,0.000420114621560568
291619,0.000420114621560568
291620,0.000420114621560568
291631,0.000420114621560568
291632,0.000420114621560568
291633,0.000420114621560568
291634,0.000420114621560568
291635,0.000420114621560568
291636,0.000420114621560568
291639,0.000420114621560568
291711,0.000420114621560568
291712,0.000420114621560568
291713,0.000420114621560568
291714,0.000420114621560568
291719,0.000420114621560568
291720,0.000420114621560568
291735,0.000420114621560568
291736,0.000420114621560568
291737,0.000420114621560568
291739,0.000420114621560568
291811,0.000420114621560568
291812,0.000420114621560568
291813,0.000420114621560568
291814,0.000420114621560568
291815,0.000420114621560568
291816,0.000420114621560568
291817,0.000420114621560568
291818,0.000420114621560568
291819,0.000420114621560568
291829,0.000420114621560568
291830,0.000420114621560568
291890,0.000420114621560568
291891,0.000420114621560568
291899,0.000420114621560568
291900,0.000420114621560568
291910,0.000420114621560568
291990,0.000420114621560568
292010,0.000420114621560568
292011,0.000420114621560568
292019,0.000420114621560568
292021,0.000420114621560568
292022,0.000420114621560568
292023,0.000420114621560568
292024,0.000420114621560568
292029,0.000420114621560568
292030,0.000420114621560568
292090,0.000420114621560568
292111,0.000420114621560568
292112,0.000420114621560568
292113,0.000420114621560568
292114,0.000420114621560568
292119,0.000420114621560568
292121,0.000420114621560568
292122,0.000420114621560568
292129,0.000420114621560568
292130,0.000420114621560568
292141,0.000420114621560568
292142,0.000420114621560568
292143,0.000420114621560568
292144,0.000420114621560568
292145,0.000420114621560568
292146,0.000420114621560568
292149,0.000420114621560568
292151,0.000420114621560568
292159,0.000420114621560568
292211,0.000420114621560568
292212,0.000420114621560568
292221,0.000420114621560568
292222,0.000420114621560568
292229,0.000420114621560568
292230,0.000420114621560568
292231,0.000420114621560568
292239,0.000420114621560568
292243,0.000420114621560568
292244,0.000420114621560568
292249,0.000420114621560568
292250,0.000420114621560568
292421,0.000420114621560568
292511,0.000420114621560568
292512,0.000420114621560568
292519,0.000420114621560568
292520,0.000420114621560568
292521,0.000420114621560568
292529,0.000420114621560568
292610,0.000420114621560568
292620,0.000420114621560568
292630,0.000420114621560568
292640,0.000420114621560568
292690,0.000420114621560568
292700,0.000420114621560568
292800,0.000420114621560568
292910,0.000420114621560568
292990,0.000420114621560568
293010,0.000420114621560568
293020,0.000420114621560568
293030,0.000420114621560568
293040,0.000420114621560568
293050,0.000420114621560568
293060,0.000420114621560568
293070,0.000420114621560568
293080,0.000420114621560568
293090,0.000420114621560568
293110,0.000420114621560568
293120,0.000420114621560568
293132,0.000420114621560568
293133,0.000420114621560568
293134,0.000420114621560568
293135,0.000420114621560568
293136,0.000420114621560568
293137,0.000420114621560568
293138,0.000420114621560568
293139,0.000420114621560568
293190,0.000420114621560568
293211,0.000420114621560568
293212,0.000420114621560568
293213,0.000420114621560568
293214,0.000420114621560568
293219,0.000420114621560568
293220,0.000420114621560568
293221,0.000420114621560568
293229,0.000420114621560568
293290,0.000420114621560568
293291,0.000420114621560568
293292,0.000420114621560568
293293,0.000420114621560568
293294,0.000420114621560568
293295,0.000420114621560568
293299,0.000420114621560568
293329,0.000420114621560568
293331,0.000420114621560568
293332,0.000420114621560568
293333,0.000420114621560568
293339,0.000420114621560568
293340,0.000420114621560568
293341,0.000420114621560568
293349,0.000420114621560568
293361,0.000420114621560568
293371,0.000420114621560568
293372,0.000420114621560568
293379,0.000420114621560568
293390,0.000420114621560568
293391,0.000420114621560568
293392,0.000420114621560568
293399,0.000420114621560568
293410,0.000420114621560568
293420,0.000420114621560568
293490,0.000420114621560568
293491,0.000420114621560568
293499,0.000420114621560568
293980,0.000420114621560568
294200,0.000420114621560568
300670,0.000420114621560568
300680,0.000420114621560568
300692,0.000420114621560568
350710,0.000420114621560568
350790,0.000420114621560568
380290,0.000420114621560568
380300,0.000420114621560568
380510,0.000420114621560568
380520,0.000420114621560568
380590,0.000420114621560568
380610,0.000420114621560568
380620,0.000420114621560568
380630,0.000420114621560568
380690,0.000420114621560568
380700,0.000420114621560568
382311,0.000420114621560568
382312,0.000420114621560568
382313,0.000420114621560568
382319,0.000420114621560568
382370,0.000420114621560568
382472,0.000420114621560568
382473,0.000420114621560568
382474,0.000420114621560568
382475,0.000420114621560568
382476,0.000420114621560568
382477,0.000420114621560568
382478,0.000420114621560568
382481,0.000420114621560568
382482,0.000420114621560568
382483,0.000420114621560568
382484,0.000420114621560568
382485,0.000420114621560568
382486,0.000420114621560568
382487,0.000420114621560568
382488,0.000420114621560568
382491,0.000420114621560568
382510,0.000420114621560568
382520,0.000420114621560568
382530,0.000420114621560568
382541,0.000420114621560568
382549,0.000420114621560568
382550,0.000420114621560568
382561,0.000420114621560568
382569,0.000420114621560568
382590,0.000420114621560568
382600,0.000420114621560568
440200,0.000420114621560568
440210,0.000420114621560568
440290,0.000420114621560568
720421,0.000420114621560568
720429,0.000420114621560568
720430,0.000420114621560568
740400,0.000420114621560568
750300,0.000420114621560568
780200,0.000420114621560568
790200,0.000420114621560568
810730,0.000420114621560568
280800,0.00062698229709962
281410,0.00062698229709962
281420,0.00062698229709962
282710,0.00062698229709962
283410,0.00062698229709962
283421,0.00062698229709962
310100,0.00062698229709962
310210,0.00062698229709962
310221,0.00062698229709962
310229,0.00062698229709962
310230,0.00062698229709962
310240,0.00062698229709962
310250,0.00062698229709962
310260,0.00062698229709962
310270,0.00062698229709962
310280,0.00062698229709962
310290,0.00062698229709962
310310,0.00062698229709962
310311,0.00062698229709962
310319,0.00062698229709962
310320,0.00062698229709962
310390,0.00062698229709962
310410,0.00062698229709962
310420,0.00062698229709962
310430,0.00062698229709962
310490,0.00062698229709962
310510,0.00062698229709962
310520,0.00062698229709962
310530,0.00062698229709962
310540,0.00062698229709962
310551,0.00062698229709962
310559,0.00062698229709962
310560,0.00062698229709962
310590,0.00062698229709962
390110,0.000489672610264552
390120,0.000489672610264552
390130,0.000489672610264552
390140,0.000489672610264552
390190,0.000489672610264552
390210,0.000489672610264552
390220,0.000489672610264552
390230,0.000489672610264552
390290,0.000489672610264552
390311,0.000489672610264552
390319,0.000489672610264552
390320,0.000489672610264552
390330,0.000489672610264552
390390,0.000489672610264552
390410,0.000489672610264552
390421,0.000489672610264552
390422,0.000489672610264552
390430,0.000489672610264552
390440,0.000489672610264552
390450,0.000489672610264552
390461,0.000489672610264552
390469,0.000489672610264552
390490,0.000489672610264552
390511,0.000489672610264552
390512,0.000489672610264552
390519,0.000489672610264552
390520,0.000489672610264552
390521,0.000489672610264552
390529,0.000489672610264552
390530,0.000489672610264552
390590,0.000489672610264552
390591,0.000489672610264552
390599,0.000489672610264552
390610,0.000489672610264552
390690,0.000489672610264552
390710,0.000489672610264552
390720,0.000489672610264552
390730,0.000489672610264552
390740,0.000489672610264552
390750,0.000489672610264552
390760,0.000489672610264552
390761,0.000489672610264552
390769,0.000489672610264552
390770,0.000489672610264552
390791,0.000489672610264552
390799,0.000489672610264552
390810,0.000489672610264552
390890,0.000489672610264552
390910,0.000489672610264552
390920,0.000489672610264552
390930,0.000489672610264552
390931,0.000489672610264552
390939,0.000489672610264552
390940,0.000489672610264552
390950,0.000489672610264552
391000,0.000489672610264552
391110,0.000489672610264552
391190,0.000489672610264552
391400,0.000489672610264552
400211,4.79886881504734e-05
400219,4.79886881504734e-05
400220,4.79886881504734e-05
400231,4.79886881504734e-05
400239,4.79886881504734e-05
400241,4.79886881504734e-05
400249,4.79886881504734e-05
400251,4.79886881504734e-05
400259,4.79886881504734e-05
400260,4.79886881504734e-05
400270,4.79886881504734e-05
400280,4.79886881504734e-05
400291,4.79886881504734e-05
400299,4.79886881504734e-05
380820,0.00132795452125046
380830,0.00132795452125046
380840,0.00132795452125046
380850,0.00132795452125046
380852,0.00132795452125046
380859,0.00132795452125046
380861,0.00132795452125046
380862,0.00132795452125046
380869,0.00132795452125046
380890,0.00132795452125046
380891,0.00132795452125046
380892,0.00132795452125046
380893,0.00132795452125046
380894,0.00132795452125046
380899,0.00132795452125046
151800,0.000109419689625731
321590,0.000109419689625731
340311,0.000109419689625731
340319,0.000109419689625731
340391,0.000109419689625731
340399,0.000109419689625731
340700,0.000109419689625731
350220,0.000109419689625731
350290,0.000109419689625731
350300,0.000109419689625731
350400,0.000109419689625731
370110,0.000109419689625731
370120,0.000109419689625731
370130,0.000109419689625731
370191,0.000109419689625731
370199,0.000109419689625731
370210,0.000109419689625731
370220,0.000109419689625731
370231,0.000109419689625731
370232,0.000109419689625731
370239,0.000109419689625731
370241,0.000109419689625731
370242,0.000109419689625731
370243,0.000109419689625731
370244,0.000109419689625731
370251,0.000109419689625731
370252,0.000109419689625731
370253,0.000109419689625731
370254,0.000109419689625731
370255,0.000109419689625731
370256,0.000109419689625731
370291,0.000109419689625731
370292,0.000109419689625731
370293,0.000109419689625731
370294,0.000109419689625731
370295,0.000109419689625731
370296,0.000109419689625731
370297,0.000109419689625731
370298,0.000109419689625731
370310,0.000109419689625731
370320,0.000109419689625731
370390,0.000109419689625731
370710,0.000109419689625731
370790,0.000109419689625731
380210,0.000109419689625731
380910,0.000109419689625731
380991,0.000109419689625731
380992,0.000109419689625731
380993,0.000109419689625731
381010,0.000109419689625731
381090,0.000109419689625731
381111,0.000109419689625731
381119,0.000109419689625731
381121,0.000109419689625731
381129,0.000109419689625731
381190,0.000109419689625731
381210,0.000109419689625731
381220,0.000109419689625731
381230,0.000109419689625731
381231,0.000109419689625731
381239,0.000109419689625731
381300,0.000109419689625731
381700,0.000109419689625731
381710,0.000109419689625731
381720,0.000109419689625731
381800,0.000109419689625731
381900,0.000109419689625731
382000,0.000109419689625731
382100,0.000109419689625731
382200,0.000109419689625731
382310,0.000109419689625731
382320,0.000109419689625731
382330,0.000109419689625731
382340,0.000109419689625731
382360,0.000109419689625731
382390,0.000109419689625731
382410,0.000109419689625731
382420,0.000109419689625731
382430,0.000109419689625731
382440,0.000109419689625731
382460,0.000109419689625731
382490,0.000109419689625731
382499,0.000109419689625731
500500,0.000208946264114845
510910,0.000208946264114845
510990,0.000208946264114845
520420,0.000208946264114845
530710,0.000208946264114845
530720,0.000208946264114845
530810,0.000208946264114845
530820,0.000208946264114845
530830,0.000208946264114845
530890,0.000208946264114845
540210,0.000208946264114845
540211,0.000208946264114845
540219,0.000208946264114845
540220,0.000208946264114845
540231,0.000208946264114845
540232,0.000208946264114845
540233,0.000208946264114845
540234,0.000208946264114845
540239,0.000208946264114845
540241,0.000208946264114845
540242,0.000208946264114845
540243,0.000208946264114845
540244,0.000208946264114845
540245,0.000208946264114845
540246,0.000208946264114845
540247,0.000208946264114845
540248,0.000208946264114845
540249,0.000208946264114845
540251,0.000208946264114845
540252,0.000208946264114845
540253,0.000208946264114845
540259,0.000208946264114845
540310,0.000208946264114845
540320,0.000208946264114845
540331,0.000208946264114845
540332,0.000208946264114845
540333,0.000208946264114845
540339,0.000208946264114845
540341,0.000208946264114845
540342,0.000208946264114845
540349,0.000208946264114845
540410,0.000208946264114845
540411,0.000208946264114845
540412,0.000208946264114845
540419,0.000208946264114845
540490,0.000208946264114845
540500,0.000208946264114845
300210,1.01695093018956e-05
300211,1.01695093018956e-05
300212,1.01695093018956e-05
300213,1.01695093018956e-05
300214,1.01695093018956e-05
300215,1.01695093018956e-05
300219,1.01695093018956e-05
300220,1.01695093018956e-05
300230,1.01695093018956e-05
300231,1.01695093018956e-05
300239,1.01695093018956e-05
300310,1.01695093018956e-05
300320,1.01695093018956e-05
300331,1.01695093018956e-05
300339,1.01695093018956e-05
300340,1.01695093018956e-05
300341,1.01695093018956e-05
300342,1.01695093018956e-05
300343,1.01695093018956e-05
300349,1.01695093018956e-05
300360,1.01695093018956e-05
300390,1.01695093018956e-05
300410,1.01695093018956e-05
300420,1.01695093018956e-05
300431,1.01695093018956e-05
300432,1.01695093018956e-05
300439,1.01695093018956e-05
300440,1.01695093018956e-05
300441,1.01695093018956e-05
300442,1.01695093018956e-05
300443,1.01695093018956e-05
300449,1.01695093018956e-05
300450,1.01695093018956e-05
300460,1.01695093018956e-05
300490,1.01695093018956e-05
300510,1.01695093018956e-05
300590,1.01695093018956e-05
300610,1.01695093018956e-05
300620,1.01695093018956e-05
300630,1.01695093018956e-05
300650,1.01695093018956e-05
300660,1.01695093018956e-05
391610,0.000337337770120757
391620,0.000337337770120757
391690,0.000337337770120757
391710,0.000337337770120757
391721,0.000337337770120757
391722,0.000337337770120757
391723,0.000337337770120757
391729,0.000337337770120757
391731,0.000337337770120757
391732,0.000337337770120757
391733,0.000337337770120757
391739,0.000337337770120757
391740,0.000337337770120757
392010,0.000337337770120757
392020,0.000337337770120757
392030,0.000337337770120757
392041,0.000337337770120757
392042,0.000337337770120757
392043,0.000337337770120757
392049,0.000337337770120757
392051,0.000337337770120757
392059,0.000337337770120757
392061,0.000337337770120757
392062,0.000337337770120757
392063,0.000337337770120757
392069,0.000337337770120757
392071,0.000337337770120757
392072,0.000337337770120757
392073,0.000337337770120757
392079,0.000337337770120757
392091,0.000337337770120757
392092,0.000337337770120757
392093,0.000337337770120757
392094,0.000337337770120757
392099,0.000337337770120757
392111,0.000337337770120757
392112,0.000337337770120757
392113,0.000337337770120757
392114,0.000337337770120757
392119,0.000337337770120757
392190,0.000337337770120757
392310,9.04914396348199e-05
392321,9.04914396348199e-05
392329,9.04914396348199e-05
392330,9.04914396348199e-05
392340,9.04914396348199e-05
392390,9.04914396348199e-05
300691,0.000155093268978974
391910,0.000155093268978974
391990,0.000155093268978974
392410,0.000155093268978974
392490,0.000155093268978974
392610,0.000155093268978974
392630,0.000155093268978974
392640,0.000155093268978974
392690,0.000155093268978974
940592,0.000155093268978974
961511,0.000155093268978974
700311,0.000834575238761785
700312,0.000834575238761785
700319,0.000834575238761785
700320,0.000834575238761785
700330,0.000834575238761785
700410,0.000834575238761785
700420,0.000834575238761785
700490,0.000834575238761785
700510,0.000834575238761785
700521,0.000834575238761785
700529,0.000834575238761785
700530,0.000834575238761785
701020,0.000626096747660883
701090,0.000626096747660883
701091,0.000626096747660883
701092,0.000626096747660883
701093,0.000626096747660883
701094,0.000626096747660883
701200,0.000626096747660883
701310,0.000626096747660883
701321,0.000626096747660883
701322,0.000626096747660883
701328,0.000626096747660883
701329,0.000626096747660883
701331,0.000626096747660883
701332,0.000626096747660883
701333,0.000626096747660883
701337,0.000626096747660883
701339,0.000626096747660883
701341,0.000626096747660883
701342,0.000626096747660883
701349,0.000626096747660883
701391,0.000626096747660883
701399,0.000626096747660883
701910,0.000295407036479308
701911,0.000295407036479308
701912,0.000295407036479308
701919,0.000295407036479308
701939,0.000295407036479308
701990,0.000295407036479308
700210,0.000449991284335419
700220,0.000449991284335419
700231,0.000449991284335419
700232,0.000449991284335419
700239,0.000449991284335419
701010,0.000449991284335419
701110,0.000449991284335419
701120,0.000449991284335419
701190,0.000449991284335419
701400,0.000449991284335419
701510,0.000449991284335419
701590,0.000449991284335419
701610,0.000449991284335419
701690,0.000449991284335419
701710,0.000449991284335419
701720,0.000449991284335419
701790,0.000449991284335419
701810,0.000449991284335419
701820,0.000449991284335419
701890,0.000449991284335419
702000,0.000449991284335419
854610,0.000449991284335419
940591,0.000449991284335419
381600,0.000616789533897128
681591,0.000616789533897128
690100,0.000616789533897128
690210,0.000616789533897128
690220,0.000616789533897128
690290,0.000616789533897128
690310,0.000616789533897128
690320,0.000616789533897128
690390,0.000616789533897128
690410,0.000915773440871141
690490,0.000915773440871141
690590,0.000915773440871141
690600,0.000915773440871141
252310,0.00532588262690788
252321,0.00532588262690788
252329,0.00532588262690788
251820,0.00651012246593168
251830,0.00651012246593168
252020,0.00651012246593168
252210,0.00651012246593168
252220,0.00651012246593168
252230,0.00651012246593168
680911,0.000259632875815914
680919,0.000259632875815914
382350,0.000291418715002177
382450,0.000291418715002177
680800,0.000135287940713352
681110,0.000135287940713352
681120,0.000135287940713352
681130,0.000135287940713352
681140,0.000135287940713352
681181,0.000135287940713352
681182,0.000135287940713352
681183,0.000135287940713352
681189,0.000135287940713352
681190,0.000135287940713352
251730,0.00114308511779525
271500,0.00114308511779525
281810,0.00114308511779525
380110,0.00114308511779525
380120,0.00114308511779525
380130,0.00114308511779525
380190,0.00114308511779525
680610,0.00114308511779525
680620,0.00114308511779525
680690,0.00114308511779525
680710,0.00114308511779525
680790,0.00114308511779525
681210,0.00114308511779525
681220,0.00114308511779525
681230,0.00114308511779525
681240,0.00114308511779525
681250,0.00114308511779525
681260,0.00114308511779525
681270,0.00114308511779525
681280,0.00114308511779525
681290,0.00114308511779525
681291,0.00114308511779525
681292,0.00114308511779525
681293,0.00114308511779525
681299,0.00114308511779525
681310,0.00114308511779525
681320,0.00114308511779525
681381,0.00114308511779525
681389,0.00114308511779525
681390,0.00114308511779525
681410,0.00114308511779525
681490,0.00114308511779525
681510,0.00114308511779525
681520,0.00114308511779525
681599,0.00114308511779525
720110,0.000734080822078692
720120,0.000734080822078692
720130,0.000734080822078692
720140,0.000734080822078692
720150,0.000734080822078692
720230,0.000734080822078692
720241,0.000734080822078692
720249,0.000734080822078692
720270,0.000734080822078692
720310,0.000734080822078692
720390,0.000734080822078692
720510,0.000734080822078692
720521,0.000734080822078692
720529,0.000734080822078692
720690,0.000734080822078692
720712,0.000734080822078692
720719,0.000734080822078692
720720,0.000734080822078692
720810,0.000734080822078692
720811,0.000734080822078692
720812,0.000734080822078692
720813,0.000734080822078692
720814,0.000734080822078692
720821,0.000734080822078692
720822,0.000734080822078692
720823,0.000734080822078692
720824,0.000734080822078692
720825,0.000734080822078692
720826,0.000734080822078692
720827,0.000734080822078692
720831,0.000734080822078692
720832,0.000734080822078692
720833,0.000734080822078692
720834,0.000734080822078692
720835,0.000734080822078692
720836,0.000734080822078692
720837,0.000734080822078692
720838,0.000734080822078692
720839,0.000734080822078692
720840,0.000734080822078692
720841,0.000734080822078692
720842,0.000734080822078692
720843,0.000734080822078692
720844,0.000734080822078692
720845,0.000734080822078692
720851,0.000734080822078692
720852,0.000734080822078692
720853,0.000734080822078692
720854,0.000734080822078692
720890,0.000734080822078692
720911,0.000734080822078692
720912,0.000734080822078692
720913,0.000734080822078692
720914,0.000734080822078692
720915,0.000734080822078692
720916,0.000734080822078692
720917,0.000734080822078692
720921,0.000734080822078692
720922,0.000734080822078692
720923,0.000734080822078692
720925,0.000734080822078692
720926,0.000734080822078692
720927,0.000734080822078692
720928,0.000734080822078692
720931,0.000734080822078692
720932,0.000734080822078692
720933,0.000734080822078692
720934,0.000734080822078692
720941,0.000734080822078692
720942,0.000734080822078692
720943,0.000734080822078692
720944,0.000734080822078692
721011,0.000734080822078692
721012,0.000734080822078692
721020,0.000734080822078692
721030,0.000734080822078692
721031,0.000734080822078692
721039,0.000734080822078692
721041,0.000734080822078692
721049,0.000734080822078692
721050,0.000734080822078692
721060,0.000734080822078692
721061,0.000734080822078692
721069,0.000734080822078692
721070,0.000734080822078692
721090,0.000734080822078692
721111,0.000734080822078692
721112,0.000734080822078692
721113,0.000734080822078692
721114,0.000734080822078692
721119,0.000734080822078692
721121,0.000734080822078692
721122,0.000734080822078692
721123,0.000734080822078692
721129,0.000734080822078692
721130,0.000734080822078692
721141,0.000734080822078692
721149,0.000734080822078692
721220,0.000734080822078692
721221,0.000734080822078692
721229,0.000734080822078692
721230,0.000734080822078692
721240,0.000734080822078692
721260,0.000734080822078692
721320,0.000734080822078692
721331,0.000734080822078692
721339,0.000734080822078692
721341,0.000734080822078692
721349,0.000734080822078692
721350,0.000734080822078692
721391,0.000734080822078692
721399,0.000734080822078692
721410,0.000734080822078692
721420,0.000734080822078692
721430,0.000734080822078692
721440,0.000734080822078692
721450,0.000734080822078692
721460,0.000734080822078692
721491,0.000734080822078692
721499,0.000734080822078692
721610,0.000734080822078692
721621,0.000734080822078692
721622,0.000734080822078692
721631,0.000734080822078692
721632,0.000734080822078692
721633,0.000734080822078692
721640,0.000734080822078692
721650,0.000734080822078692
721699,0.000734080822078692
721890,0.000734080822078692
721891,0.000734080822078692
721899,0.000734080822078692
721921,0.000734080822078692
721922,0.000734080822078692
721923,0.000734080822078692
721924,0.000734080822078692
721931,0.000734080822078692
721932,0.000734080822078692
721933,0.000734080822078692
721934,0.000734080822078692
721935,0.000734080822078692
721990,0.000734080822078692
722020,0.000734080822078692
722090,0.000734080822078692
722210,0.000734080822078692
722211,0.000734080822078692
722219,0.000734080822078692
722220,0.000734080822078692
722230,0.000734080822078692
722240,0.000734080822078692
722490,0.000734080822078692
722510,0.000734080822078692
722511,0.000734080822078692
722519,0.000734080822078692
722520,0.000734080822078692
722530,0.000734080822078692
722540,0.000734080822078692
722550,0.000734080822078692
722590,0.000734080822078692
722591,0.000734080822078692
722592,0.000734080822078692
722599,0.000734080822078692
722610,0.000734080822078692
722611,0.000734080822078692
722619,0.000734080822078692
722620,0.000734080822078692
722691,0.000734080822078692
722692,0.000734080822078692
722693,0.000734080822078692
722694,0.000734080822078692
722699,0.000734080822078692
722710,0.000734080822078692
722720,0.000734080822078692
722790,0.000734080822078692
722810,0.000734080822078692
722820,0.000734080822078692
722830,0.000734080822078692
722840,0.000734080822078692
722860,0.000734080822078692
722870,0.000734080822078692
722880,0.000734080822078692
730110,0.000734080822078692
730120,0.000734080822078692
730210,0.000734080822078692
730220,0.000734080822078692
730230,0.000734080822078692
730240,0.000734080822078692
730290,0.000734080822078692
721710,6.11320674605569e-05
721711,6.11320674605569e-05
721712,6.11320674605569e-05
721713,6.11320674605569e-05
721719,6.11320674605569e-05
721720,6.11320674605569e-05
721721,6.11320674605569e-05
721722,6.11320674605569e-05
721723,6.11320674605569e-05
721729,6.11320674605569e-05
721730,6.11320674605569e-05
721731,6.11320674605569e-05
721732,6.11320674605569e-05
721733,6.11320674605569e-05
721739,6.11320674605569e-05
721790,6.11320674605569e-05
722300,6.11320674605569e-05
722910,6.11320674605569e-05
722920,6.11320674605569e-05
722990,6.11320674605569e-05
281820,7.9692414909285e-05
760110,7.9692414909285e-05
760310,7.9692414909285e-05
760320,7.9692414909285e-05
760410,7.9692414909285e-05
760421,7.9692414909285e-05
760429,7.9692414909285e-05
760511,7.9692414909285e-05
760519,7.9692414909285e-05
760521,7.9692414909285e-05
760529,7.9692414909285e-05
760611,7.9692414909285e-05
760612,7.9692414909285e-05
760691,7.9692414909285e-05
760692,7.9692414909285e-05
760711,7.9692414909285e-05
760719,7.9692414909285e-05
760720,7.9692414909285e-05
760810,7.9692414909285e-05
760820,7.9692414909285e-05
760900,7.9692414909285e-05
780110,7.61694590579787e-05
780191,7.61694590579787e-05
780199,7.61694590579787e-05
780411,7.61694590579787e-05
780419,7.61694590579787e-05
780420,7.61694590579787e-05
790111,7.61694590579787e-05
790112,7.61694590579787e-05
790120,7.61694590579787e-05
790310,7.61694590579787e-05
790390,7.61694590579787e-05
790400,7.61694590579787e-05
790500,7.61694590579787e-05
800110,7.61694590579787e-05
800120,7.61694590579787e-05
800300,7.61694590579787e-05
740100,1.78450601493519e-05
740110,1.78450601493519e-05
740120,1.78450601493519e-05
740200,1.78450601493519e-05
740311,1.78450601493519e-05
740312,1.78450601493519e-05
740313,1.78450601493519e-05
740319,1.78450601493519e-05
740321,1.78450601493519e-05
740322,1.78450601493519e-05
740323,1.78450601493519e-05
740329,1.78450601493519e-05
740500,1.78450601493519e-05
740610,1.78450601493519e-05
740620,1.78450601493519e-05
740710,1.78450601493519e-05
740721,1.78450601493519e-05
740722,1.78450601493519e-05
740729,1.78450601493519e-05
740811,1.78450601493519e-05
740819,1.78450601493519e-05
740821,1.78450601493519e-05
740822,1.78450601493519e-05
740829,1.78450601493519e-05
740911,1.78450601493519e-05
740919,1.78450601493519e-05
740921,1.78450601493519e-05
740929,1.78450601493519e-05
740931,1.78450601493519e-05
740939,1.78450601493519e-05
740940,1.78450601493519e-05
740990,1.78450601493519e-05
741011,1.78450601493519e-05
741012,1.78450601493519e-05
741021,1.78450601493519e-05
741022,1.78450601493519e-05
741110,1.78450601493519e-05
741121,1.78450601493519e-05
741122,1.78450601493519e-05
741129,1.78450601493519e-05
741210,1.78450601493519e-05
741220,1.78450601493519e-05
730810,0.000582231496430291
730820,0.000582231496430291
730840,0.000582231496430291
730890,0.000582231496430291
761090,0.000582231496430291
930200,2.09874302827345e-05
930310,2.09874302827345e-05
930320,2.09874302827345e-05
930330,2.09874302827345e-05
930390,2.09874302827345e-05
930400,2.09874302827345e-05
930510,2.09874302827345e-05
930520,2.09874302827345e-05
930521,2.09874302827345e-05
930529,2.09874302827345e-05
930599,2.09874302827345e-05
930610,2.09874302827345e-05
930621,2.09874302827345e-05
930629,2.09874302827345e-05
930630,2.09874302827345e-05
930690,2.09874302827345e-05
962000,2.09874302827345e-05
854411,2.07383151115187e-05
854419,2.07383151115187e-05
854420,2.07383151115187e-05
854441,2.07383151115187e-05
854442,2.07383151115187e-05
854449,2.07383151115187e-05
854451,2.07383151115187e-05
854459,2.07383151115187e-05
854460,2.07383151115187e-05
840610,6.59871183276415e-06
840611,6.59871183276415e-06
840619,6.59871183276415e-06
840681,6.59871183276415e-06
840682,6.59871183276415e-06
840690,6.59871183276415e-06
840721,6.59871183276415e-06
840729,6.59871183276415e-06
840790,6.59871183276415e-06
840810,6.59871183276415e-06
840890,6.59871183276415e-06
840991,6.59871183276415e-06
840999,6.59871183276415e-06
841011,6.59871183276415e-06
841012,6.59871183276415e-06
841013,6.59871183276415e-06
841090,6.59871183276415e-06
841181,6.59871183276415e-06
841182,6.59871183276415e-06
841199,6.59871183276415e-06
842831,6.75001834783352e-05
842911,6.75001834783352e-05
842919,6.75001834783352e-05
842920,6.75001834783352e-05
842930,6.75001834783352e-05
842940,6.75001834783352e-05
842951,6.75001834783352e-05
842952,6.75001834783352e-05
842959,6.75001834783352e-05
843010,6.75001834783352e-05
843020,6.75001834783352e-05
843031,6.75001834783352e-05
843039,6.75001834783352e-05
843041,6.75001834783352e-05
843049,6.75001834783352e-05
843050,6.75001834783352e-05
843061,6.75001834783352e-05
843062,6.75001834783352e-05
843069,6.75001834783352e-05
843142,6.75001834783352e-05
843143,6.75001834783352e-05
843149,6.75001834783352e-05
847410,6.75001834783352e-05
847420,6.75001834783352e-05
847431,6.75001834783352e-05
847432,6.75001834783352e-05
847439,6.75001834783352e-05
847910,6.75001834783352e-05
870130,6.75001834783352e-05
870410,6.75001834783352e-05
842112,5.1143723012815e-05
844400,5.1143723012815e-05
844511,5.1143723012815e-05
844512,5.1143723012815e-05
844513,5.1143723012815e-05
844519,5.1143723012815e-05
844520,5.1143723012815e-05
844530,5.1143723012815e-05
844540,5.1143723012815e-05
844590,5.1143723012815e-05
844610,5.1143723012815e-05
844621,5.1143723012815e-05
844629,5.1143723012815e-05
844630,5.1143723012815e-05
844711,5.1143723012815e-05
844712,5.1143723012815e-05
844720,5.1143723012815e-05
844790,5.1143723012815e-05
844811,5.1143723012815e-05
844819,5.1143723012815e-05
844831,5.1143723012815e-05
844832,5.1143723012815e-05
844833,5.1143723012815e-05
844841,5.1143723012815e-05
844842,5.1143723012815e-05
844851,5.1143723012815e-05
844900,5.1143723012815e-05
845020,5.1143723012815e-05
845110,5.1143723012815e-05
845129,5.1143723012815e-05
845130,5.1143723012815e-05
845140,5.1143723012815e-05
845150,5.1143723012815e-05
845180,5.1143723012815e-05
845210,5.1143723012815e-05
845221,5.1143723012815e-05
845229,5.1143723012815e-05
845230,5.1143723012815e-05
845240,5.1143723012815e-05
845290,5.1143723012815e-05
845310,5.1143723012815e-05
845320,5.1143723012815e-05
845380,5.1143723012815e-05
870120,7.67743635225989e-06
870210,7.67743635225989e-06
870220,7.67743635225989e-06
870230,7.67743635225989e-06
870240,7.67743635225989e-06
870290,7.67743635225989e-06
870310,7.67743635225989e-06
870321,7.67743635225989e-06
870322,7.67743635225989e-06
870323,7.67743635225989e-06
870324,7.67743635225989e-06
870331,7.67743635225989e-06
870332,7.67743635225989e-06
870333,7.67743635225989e-06
870340,7.67743635225989e-06
870350,7.67743635225989e-06
870360,7.67743635225989e-06
870370,7.67743635225989e-06
870421,7.67743635225989e-06
870422,7.67743635225989e-06
870423,7.67743635225989e-06
870431,7.67743635225989e-06
870432,7.67743635225989e-06
870490,7.67743635225989e-06
870510,7.67743635225989e-06
870520,7.67743635225989e-06
870530,7.67743635225989e-06
870540,7.67743635225989e-06
870590,7.67743635225989e-06
870600,7.67743635225989e-06
840710,4.07175474151348e-05
840910,4.07175474151348e-05
841111,4.07175474151348e-05
841112,4.07175474151348e-05
841121,4.07175474151348e-05
841122,4.07175474151348e-05
841191,4.07175474151348e-05
841210,4.07175474151348e-05
880100,4.07175474151348e-05
880110,4.07175474151348e-05
880190,4.07175474151348e-05
880211,4.07175474151348e-05
880212,4.07175474151348e-05
880220,4.07175474151348e-05
880230,4.07175474151348e-05
880240,4.07175474151348e-05
880250,4.07175474151348e-05
880260,4.07175474151348e-05
880310,4.07175474151348e-05
880320,4.07175474151348e-05
880330,4.07175474151348e-05
880390,4.07175474151348e-05
880520,4.07175474151348e-05
880521,4.07175474151348e-05
880529,4.07175474151348e-05
940110,4.07175474151348e-05
940190,4.07175474151348e-05
940410,0.000127489602039352
940421,0.000127489602039352
940429,0.000127489602039352
271600,0.000429010656312702
