iso2,country,year,is_ets,is_ets_country_ever,accession_year,country_group
AT,Austria,2000,FALSE,TRUE,2005,EU-15
AT,Austria,2001,FALSE,TRUE,2005,EU-15
AT,Austria,2002,FALSE,TRUE,2005,EU-15
AT,Austria,2003,FALSE,TRUE,2005,EU-15
AT,Austria,2004,FALSE,TRUE,2005,EU-15
AT,Austria,2005,TRUE,TRUE,2005,EU-15
AT,Austria,2006,TRUE,TRUE,2005,EU-15
AT,Austria,2007,TRUE,TRUE,2005,EU-15
AT,Austria,2008,TRUE,TRUE,2005,EU-15
AT,Austria,2009,TRUE,TRUE,2005,EU-15
AT,Austria,2010,TRUE,TRUE,2005,EU-15
AT,Austria,2011,TRUE,TRUE,2005,EU-15
AT,Austria,2012,TRUE,TRUE,2005,EU-15
AT,Austria,2013,TRUE,TRUE,2005,EU-15
AT,Austria,2014,TRUE,TRUE,2005,EU-15
AT,Austria,2015,TRUE,TRUE,2005,EU-15
AT,Austria,2016,TRUE,TRUE,2005,EU-15
AT,Austria,2017,TRUE,TRUE,2005,EU-15
AT,Austria,2018,TRUE,TRUE,2005,EU-15
AT,Austria,2019,TRUE,TRUE,2005,EU-15
AT,Austria,2020,TRUE,TRUE,2005,EU-15
AT,Austria,2021,TRUE,TRUE,2005,EU-15
AT,Austria,2022,TRUE,TRUE,2005,EU-15
BE,Belgium,2000,FALSE,TRUE,2005,EU-15
BE,Belgium,2001,FALSE,TRUE,2005,EU-15
BE,Belgium,2002,FALSE,TRUE,2005,EU-15
BE,Belgium,2003,FALSE,TRUE,2005,EU-15
BE,Belgium,2004,FALSE,TRUE,2005,EU-15
BE,Belgium,2005,TRUE,TRUE,2005,EU-15
BE,Belgium,2006,TRUE,TRUE,2005,EU-15
BE,Belgium,2007,TRUE,TRUE,2005,EU-15
BE,Belgium,2008,TRUE,TRUE,2005,EU-15
BE,Belgium,2009,TRUE,TRUE,2005,EU-15
BE,Belgium,2010,TRUE,TRUE,2005,EU-15
BE,Belgium,2011,TRUE,TRUE,2005,EU-15
BE,Belgium,2012,TRUE,TRUE,2005,EU-15
BE,Belgium,2013,TRUE,TRUE,2005,EU-15
BE,Belgium,2014,TRUE,TRUE,2005,EU-15
BE,Belgium,2015,TRUE,TRUE,2005,EU-15
BE,Belgium,2016,TRUE,TRUE,2005,EU-15
BE,Belgium,2017,TRUE,TRUE,2005,EU-15
BE,Belgium,2018,TRUE,TRUE,2005,EU-15
BE,Belgium,2019,TRUE,TRUE,2005,EU-15
BE,Belgium,2020,TRUE,TRUE,2005,EU-15
BE,Belgium,2021,TRUE,TRUE,2005,EU-15
BE,Belgium,2022,TRUE,TRUE,2005,EU-15
BG,Bulgaria,2007,TRUE,TRUE,2007,EU-2 (2007)
BG,Bulgaria,2008,TRUE,TRUE,2007,EU-2 (2007)
BG,Bulgaria,2009,TRUE,TRUE,2007,EU-2 (2007)
BG,Bulgaria,2010,TRUE,TRUE,2007,EU-2 (2007)
BG,Bulgaria,2011,TRUE,TRUE,2007,EU-2 (2007)
BG,Bulgaria,2012,TRUE,TRUE,2007,EU-2 (2007)
BG,Bulgaria,2013,TRUE,TRUE,2007,EU-2 (2007)
BG,Bulgaria,2014,TRUE,TRUE,2007,EU-2 (2007)
BG,Bulgaria,2015,TRUE,TRUE,2007,EU-2 (2007)
BG,Bulgaria,2016,TRUE,TRUE,2007,EU-2 (2007)
BG,Bulgaria,2017,TRUE,TRUE,2007,EU-2 (2007)
BG,Bulgaria,2018,TRUE,TRUE,2007,EU-2 (2007)
BG,Bulgaria,2019,TRUE,TRUE,2007,EU-2 (2007)
BG,Bulgaria,2020,TRUE,TRUE,2007,EU-2 (2007)
BG,Bulgaria,2021,TRUE,TRUE,2007,EU-2 (2007)
BG,Bulgaria,2022,TRUE,TRUE,2007,EU-2 (2007)
CY,Cyprus,2000,FALSE,TRUE,2005,EU-10 (2004)
CY,Cyprus,2001,FALSE,TRUE,2005,EU-10 (2004)
CY,Cyprus,2002,FALSE,TRUE,2005,EU-10 (2004)
CY,Cyprus,2003,FALSE,TRUE,2005,EU-10 (2004)
CY,Cyprus,2004,FALSE,TRUE,2005,EU-10 (2004)
CY,Cyprus,2005,TRUE,TRUE,2005,EU-10 (2004)
CY,Cyprus,2006,TRUE,TRUE,2005,EU-10 (2004)
CY,Cyprus,2007,TRUE,TRUE,2005,EU-10 (2004)
CY,Cyprus,2008,TRUE,TRUE,2005,EU-10 (2004)
CY,Cyprus,2009,TRUE,TRUE,2005,EU-10 (2004)
CY,Cyprus,2010,TRUE,TRUE,2005,EU-10 (2004)
CY,Cyprus,2011,TRUE,TRUE,2005,EU-10 (2004)
CY,Cyprus,2012,TRUE,TRUE,2005,EU-10 (2004)
CY,Cyprus,2013,TRUE,TRUE,2005,EU-10 (2004)
CY,Cyprus,2014,TRUE,TRUE,2005,EU-10 (2004)
CY,Cyprus,2015,TRUE,TRUE,2005,EU-10 (2004)
CY,Cyprus,2016,TRUE,TRUE,2005,EU-10 (2004)
CY,Cyprus,2017,TRUE,TRUE,2005,EU-10 (2004)
CY,Cyprus,2018,TRUE,TRUE,2005,EU-10 (2004)
CY,Cyprus,2019,TRUE,TRUE,2005,EU-10 (2004)
CY,Cyprus,2020,TRUE,TRUE,2005,EU-10 (2004)
CY,Cyprus,2021,TRUE,TRUE,2005,EU-10 (2004)
CY,Cyprus,2022,TRUE,TRUE,2005,EU-10 (2004)
CZ,Czechia,2000,FALSE,TRUE,2005,EU-10 (2004)
CZ,Czechia,2001,FALSE,TRUE,2005,EU-10 (2004)
CZ,Czechia,2002,FALSE,TRUE,2005,EU-10 (2004)
CZ,Czechia,2003,FALSE,TRUE,2005,EU-10 (2004)
CZ,Czechia,2004,FALSE,TRUE,2005,EU-10 (2004)
CZ,Czechia,2005,TRUE,TRUE,2005,EU-10 (2004)
CZ,Czechia,2006,TRUE,TRUE,2005,EU-10 (2004)
CZ,Czechia,2007,TRUE,TRUE,2005,EU-10 (2004)
CZ,Czechia,2008,TRUE,TRUE,2005,EU-10 (2004)
CZ,Czechia,2009,TRUE,TRUE,2005,EU-10 (2004)
CZ,Czechia,2010,TRUE,TRUE,2005,EU-10 (2004)
CZ,Czechia,2011,TRUE,TRUE,2005,EU-10 (2004)
CZ,Czechia,2012,TRUE,TRUE,2005,EU-10 (2004)
CZ,Czechia,2013,TRUE,TRUE,2005,EU-10 (2004)
CZ,Czechia,2014,TRUE,TRUE,2005,EU-10 (2004)
CZ,Czechia,2015,TRUE,TRUE,2005,EU-10 (2004)
CZ,Czechia,2016,TRUE,TRUE,2005,EU-10 (2004)
CZ,Czechia,2017,TRUE,TRUE,2005,EU-10 (2004)
CZ,Czechia,2018,TRUE,TRUE,2005,EU-10 (2004)
CZ,Czechia,2019,TRUE,TRUE,2005,EU-10 (2004)
CZ,Czechia,2020,TRUE,TRUE,2005,EU-10 (2004)
CZ,Czechia,2021,TRUE,TRUE,2005,EU-10 (2004)
CZ,Czechia,2022,TRUE,TRUE,2005,EU-10 (2004)
DE,Germany,2000,FALSE,TRUE,2005,EU-15
DE,Germany,2001,FALSE,TRUE,2005,EU-15
DE,Germany,2002,FALSE,TRUE,2005,EU-15
DE,Germany,2003,FALSE,TRUE,2005,EU-15
DE,Germany,2004,FALSE,TRUE,2005,EU-15
DE,Germany,2005,TRUE,TRUE,2005,EU-15
DE,Germany,2006,TRUE,TRUE,2005,EU-15
DE,Germany,2007,TRUE,TRUE,2005,EU-15
DE,Germany,2008,TRUE,TRUE,2005,EU-15
DE,Germany,2009,TRUE,TRUE,2005,EU-15
DE,Germany,2010,TRUE,TRUE,2005,EU-15
DE,Germany,2011,TRUE,TRUE,2005,EU-15
DE,Germany,2012,TRUE,TRUE,2005,EU-15
DE,Germany,2013,TRUE,TRUE,2005,EU-15
DE,Germany,2014,TRUE,TRUE,2005,EU-15
DE,Germany,2015,TRUE,TRUE,2005,EU-15
DE,Germany,2016,TRUE,TRUE,2005,EU-15
DE,Germany,2017,TRUE,TRUE,2005,EU-15
DE,Germany,2018,TRUE,TRUE,2005,EU-15
DE,Germany,2019,TRUE,TRUE,2005,EU-15
DE,Germany,2020,TRUE,TRUE,2005,EU-15
DE,Germany,2021,TRUE,TRUE,2005,EU-15
DE,Germany,2022,TRUE,TRUE,2005,EU-15
DK,Denmark,2000,FALSE,TRUE,2005,EU-15
DK,Denmark,2001,FALSE,TRUE,2005,EU-15
DK,Denmark,2002,FALSE,TRUE,2005,EU-15
DK,Denmark,2003,FALSE,TRUE,2005,EU-15
DK,Denmark,2004,FALSE,TRUE,2005,EU-15
DK,Denmark,2005,TRUE,TRUE,2005,EU-15
DK,Denmark,2006,TRUE,TRUE,2005,EU-15
DK,Denmark,2007,TRUE,TRUE,2005,EU-15
DK,Denmark,2008,TRUE,TRUE,2005,EU-15
DK,Denmark,2009,TRUE,TRUE,2005,EU-15
DK,Denmark,2010,TRUE,TRUE,2005,EU-15
DK,Denmark,2011,TRUE,TRUE,2005,EU-15
DK,Denmark,2012,TRUE,TRUE,2005,EU-15
DK,Denmark,2013,TRUE,TRUE,2005,EU-15
DK,Denmark,2014,TRUE,TRUE,2005,EU-15
DK,Denmark,2015,TRUE,TRUE,2005,EU-15
DK,Denmark,2016,TRUE,TRUE,2005,EU-15
DK,Denmark,2017,TRUE,TRUE,2005,EU-15
DK,Denmark,2018,TRUE,TRUE,2005,EU-15
DK,Denmark,2019,TRUE,TRUE,2005,EU-15
DK,Denmark,2020,TRUE,TRUE,2005,EU-15
DK,Denmark,2021,TRUE,TRUE,2005,EU-15
DK,Denmark,2022,TRUE,TRUE,2005,EU-15
EE,Estonia,2000,FALSE,TRUE,2005,EU-10 (2004)
EE,Estonia,2001,FALSE,TRUE,2005,EU-10 (2004)
EE,Estonia,2002,FALSE,TRUE,2005,EU-10 (2004)
EE,Estonia,2003,FALSE,TRUE,2005,EU-10 (2004)
EE,Estonia,2004,FALSE,TRUE,2005,EU-10 (2004)
EE,Estonia,2005,TRUE,TRUE,2005,EU-10 (2004)
EE,Estonia,2006,TRUE,TRUE,2005,EU-10 (2004)
EE,Estonia,2007,TRUE,TRUE,2005,EU-10 (2004)
EE,Estonia,2008,TRUE,TRUE,2005,EU-10 (2004)
EE,Estonia,2009,TRUE,TRUE,2005,EU-10 (2004)
EE,Estonia,2010,TRUE,TRUE,2005,EU-10 (2004)
EE,Estonia,2011,TRUE,TRUE,2005,EU-10 (2004)
EE,Estonia,2012,TRUE,TRUE,2005,EU-10 (2004)
EE,Estonia,2013,TRUE,TRUE,2005,EU-10 (2004)
EE,Estonia,2014,TRUE,TRUE,2005,EU-10 (2004)
EE,Estonia,2015,TRUE,TRUE,2005,EU-10 (2004)
EE,Estonia,2016,TRUE,TRUE,2005,EU-10 (2004)
EE,Estonia,2017,TRUE,TRUE,2005,EU-10 (2004)
EE,Estonia,2018,TRUE,TRUE,2005,EU-10 (2004)
EE,Estonia,2019,TRUE,TRUE,2005,EU-10 (2004)
EE,Estonia,2020,TRUE,TRUE,2005,EU-10 (2004)
EE,Estonia,2021,TRUE,TRUE,2005,EU-10 (2004)
EE,Estonia,2022,TRUE,TRUE,2005,EU-10 (2004)
EL,Greece,2000,FALSE,TRUE,2005,EU-15 (alias of GR)
EL,Greece,2001,FALSE,TRUE,2005,EU-15 (alias of GR)
EL,Greece,2002,FALSE,TRUE,2005,EU-15 (alias of GR)
EL,Greece,2003,FALSE,TRUE,2005,EU-15 (alias of GR)
EL,Greece,2004,FALSE,TRUE,2005,EU-15 (alias of GR)
EL,Greece,2005,TRUE,TRUE,2005,EU-15 (alias of GR)
EL,Greece,2006,TRUE,TRUE,2005,EU-15 (alias of GR)
EL,Greece,2007,TRUE,TRUE,2005,EU-15 (alias of GR)
EL,Greece,2008,TRUE,TRUE,2005,EU-15 (alias of GR)
EL,Greece,2009,TRUE,TRUE,2005,EU-15 (alias of GR)
EL,Greece,2010,TRUE,TRUE,2005,EU-15 (alias of GR)
EL,Greece,2011,TRUE,TRUE,2005,EU-15 (alias of GR)
EL,Greece,2012,TRUE,TRUE,2005,EU-15 (alias of GR)
EL,Greece,2013,TRUE,TRUE,2005,EU-15 (alias of GR)
EL,Greece,2014,TRUE,TRUE,2005,EU-15 (alias of GR)
EL,Greece,2015,TRUE,TRUE,2005,EU-15 (alias of GR)
EL,Greece,2016,TRUE,TRUE,2005,EU-15 (alias of GR)
EL,Greece,2017,TRUE,TRUE,2005,EU-15 (alias of GR)
EL,Greece,2018,TRUE,TRUE,2005,EU-15 (alias of GR)
EL,Greece,2019,TRUE,TRUE,2005,EU-15 (alias of GR)
EL,Greece,2020,TRUE,TRUE,2005,EU-15 (alias of GR)
EL,Greece,2021,TRUE,TRUE,2005,EU-15 (alias of GR)
EL,Greece,2022,TRUE,TRUE,2005,EU-15 (alias of GR)
ES,Spain,2000,FALSE,TRUE,2005,EU-15
ES,Spain,2001,FALSE,TRUE,2005,EU-15
ES,Spain,2002,FALSE,TRUE,2005,EU-15
ES,Spain,2003,FALSE,TRUE,2005,EU-15
ES,Spain,2004,FALSE,TRUE,2005,EU-15
ES,Spain,2005,TRUE,TRUE,2005,EU-15
ES,Spain,2006,TRUE,TRUE,2005,EU-15
ES,Spain,2007,TRUE,TRUE,2005,EU-15
ES,Spain,2008,TRUE,TRUE,2005,EU-15
ES,Spain,2009,TRUE,TRUE,2005,EU-15
ES,Spain,2010,TRUE,TRUE,2005,EU-15
ES,Spain,2011,TRUE,TRUE,2005,EU-15
ES,Spain,2012,TRUE,TRUE,2005,EU-15
ES,Spain,2013,TRUE,TRUE,2005,EU-15
ES,Spain,2014,TRUE,TRUE,2005,EU-15
ES,Spain,2015,TRUE,TRUE,2005,EU-15
ES,Spain,2016,TRUE,TRUE,2005,EU-15
ES,Spain,2017,TRUE,TRUE,2005,EU-15
ES,Spain,2018,TRUE,TRUE,2005,EU-15
ES,Spain,2019,TRUE,TRUE,2005,EU-15
ES,Spain,2020,TRUE,TRUE,2005,EU-15
ES,Spain,2021,TRUE,TRUE,2005,EU-15
ES,Spain,2022,TRUE,TRUE,2005,EU-15
FI,Finland,2000,FALSE,TRUE,2005,EU-15
FI,Finland,2001,FALSE,TRUE,2005,EU-15
FI,Finland,2002,FALSE,TRUE,2005,EU-15
FI,Finland,2003,FALSE,TRUE,2005,EU-15
FI,Finland,2004,FALSE,TRUE,2005,EU-15
FI,Finland,2005,TRUE,TRUE,2005,EU-15
FI,Finland,2006,TRUE,TRUE,2005,EU-15
FI,Finland,2007,TRUE,TRUE,2005,EU-15
FI,Finland,2008,TRUE,TRUE,2005,EU-15
FI,Finland,2009,TRUE,TRUE,2005,EU-15
FI,Finland,2010,TRUE,TRUE,2005,EU-15
FI,Finland,2011,TRUE,TRUE,2005,EU-15
FI,Finland,2012,TRUE,TRUE,2005,EU-15
FI,Finland,2013,TRUE,TRUE,2005,EU-15
FI,Finland,2014,TRUE,TRUE,2005,EU-15
FI,Finland,2015,TRUE,TRUE,2005,EU-15
FI,Finland,2016,TRUE,TRUE,2005,EU-15
FI,Finland,2017,TRUE,TRUE,2005,EU-15
FI,Finland,2018,TRUE,TRUE,2005,EU-15
FI,Finland,2019,TRUE,TRUE,2005,EU-15
FI,Finland,2020,TRUE,TRUE,2005,EU-15
FI,Finland,2021,TRUE,TRUE,2005,EU-15
FI,Finland,2022,TRUE,TRUE,2005,EU-15
FR,France,2000,FALSE,TRUE,2005,EU-15
FR,France,2001,FALSE,TRUE,2005,EU-15
FR,France,2002,FALSE,TRUE,2005,EU-15
FR,France,2003,FALSE,TRUE,2005,EU-15
FR,France,2004,FALSE,TRUE,2005,EU-15
FR,France,2005,TRUE,TRUE,2005,EU-15
FR,France,2006,TRUE,TRUE,2005,EU-15
FR,France,2007,TRUE,TRUE,2005,EU-15
FR,France,2008,TRUE,TRUE,2005,EU-15
FR,France,2009,TRUE,TRUE,2005,EU-15
FR,France,2010,TRUE,TRUE,2005,EU-15
FR,France,2011,TRUE,TRUE,2005,EU-15
FR,France,2012,TRUE,TRUE,2005,EU-15
FR,France,2013,TRUE,TRUE,2005,EU-15
FR,France,2014,TRUE,TRUE,2005,EU-15
FR,France,2015,TRUE,TRUE,2005,EU-15
FR,France,2016,TRUE,TRUE,2005,EU-15
FR,France,2017,TRUE,TRUE,2005,EU-15
FR,France,2018,TRUE,TRUE,2005,EU-15
FR,France,2019,TRUE,TRUE,2005,EU-15
FR,France,2020,TRUE,TRUE,2005,EU-15
FR,France,2021,TRUE,TRUE,2005,EU-15
FR,France,2022,TRUE,TRUE,2005,EU-15
GB,United Kingdom,2000,FALSE,TRUE,2005,UK (in until 2020)
GB,United Kingdom,2001,FALSE,TRUE,2005,UK (in until 2020)
GB,United Kingdom,2002,FALSE,TRUE,2005,UK (in until 2020)
GB,United Kingdom,2003,FALSE,TRUE,2005,UK (in until 2020)
GB,United Kingdom,2004,FALSE,TRUE,2005,UK (in until 2020)
GB,United Kingdom,2005,TRUE,TRUE,2005,UK (in until 2020)
GB,United Kingdom,2006,TRUE,TRUE,2005,UK (in until 2020)
GB,United Kingdom,2007,TRUE,TRUE,2005,UK (in until 2020)
GB,United Kingdom,2008,TRUE,TRUE,2005,UK (in until 2020)
GB,United Kingdom,2009,TRUE,TRUE,2005,UK (in until 2020)
GB,United Kingdom,2010,TRUE,TRUE,2005,UK (in until 2020)
GB,United Kingdom,2011,TRUE,TRUE,2005,UK (in until 2020)
GB,United Kingdom,2012,TRUE,TRUE,2005,UK (in until 2020)
GB,United Kingdom,2013,TRUE,TRUE,2005,UK (in until 2020)
GB,United Kingdom,2014,TRUE,TRUE,2005,UK (in until 2020)
GB,United Kingdom,2015,TRUE,TRUE,2005,UK (in until 2020)
GB,United Kingdom,2016,TRUE,TRUE,2005,UK (in until 2020)
GB,United Kingdom,2017,TRUE,TRUE,2005,UK (in until 2020)
GB,United Kingdom,2018,TRUE,TRUE,2005,UK (in until 2020)
GB,United Kingdom,2019,TRUE,TRUE,2005,UK (in until 2020)
GB,United Kingdom,2020,TRUE,TRUE,2005,UK (in until 2020)
GR,Greece,2000,FALSE,TRUE,2005,EU-15
GR,Greece,2001,FALSE,TRUE,2005,EU-15
GR,Greece,2002,FALSE,TRUE,2005,EU-15
GR,Greece,2003,FALSE,TRUE,2005,EU-15
GR,Greece,2004,FALSE,TRUE,2005,EU-15
GR,Greece,2005,TRUE,TRUE,2005,EU-15
GR,Greece,2006,TRUE,TRUE,2005,EU-15
GR,Greece,2007,TRUE,TRUE,2005,EU-15
GR,Greece,2008,TRUE,TRUE,2005,EU-15
GR,Greece,2009,TRUE,TRUE,2005,EU-15
GR,Greece,2010,TRUE,TRUE,2005,EU-15
GR,Greece,2011,TRUE,TRUE,2005,EU-15
GR,Greece,2012,TRUE,TRUE,2005,EU-15
GR,Greece,2013,TRUE,TRUE,2005,EU-15
GR,Greece,2014,TRUE,TRUE,2005,EU-15
GR,Greece,2015,TRUE,TRUE,2005,EU-15
GR,Greece,2016,TRUE,TRUE,2005,EU-15
GR,Greece,2017,TRUE,TRUE,2005,EU-15
GR,Greece,2018,TRUE,TRUE,2005,EU-15
GR,Greece,2019,TRUE,TRUE,2005,EU-15
GR,Greece,2020,TRUE,TRUE,2005,EU-15
GR,Greece,2021,TRUE,TRUE,2005,EU-15
GR,Greece,2022,TRUE,TRUE,2005,EU-15
HR,Croatia,2013,TRUE,TRUE,2013,EU-1 (2013)
HR,Croatia,2014,TRUE,TRUE,2013,EU-1 (2013)
HR,Croatia,2015,TRUE,TRUE,2013,EU-1 (2013)
HR,Croatia,2016,TRUE,TRUE,2013,EU-1 (2013)
HR,Croatia,2017,TRUE,TRUE,2013,EU-1 (2013)
HR,Croatia,2018,TRUE,TRUE,2013,EU-1 (2013)
HR,Croatia,2019,TRUE,TRUE,2013,EU-1 (2013)
HR,Croatia,2020,TRUE,TRUE,2013,EU-1 (2013)
HR,Croatia,2021,TRUE,TRUE,2013,EU-1 (2013)
HR,Croatia,2022,TRUE,TRUE,2013,EU-1 (2013)
HU,Hungary,2000,FALSE,TRUE,2005,EU-10 (2004)
HU,Hungary,2001,FALSE,TRUE,2005,EU-10 (2004)
HU,Hungary,2002,FALSE,TRUE,2005,EU-10 (2004)
HU,Hungary,2003,FALSE,TRUE,2005,EU-10 (2004)
HU,Hungary,2004,FALSE,TRUE,2005,EU-10 (2004)
HU,Hungary,2005,TRUE,TRUE,2005,EU-10 (2004)
HU,Hungary,2006,TRUE,TRUE,2005,EU-10 (2004)
HU,Hungary,2007,TRUE,TRUE,2005,EU-10 (2004)
HU,Hungary,2008,TRUE,TRUE,2005,EU-10 (2004)
HU,Hungary,2009,TRUE,TRUE,2005,EU-10 (2004)
HU,Hungary,2010,TRUE,TRUE,2005,EU-10 (2004)
HU,Hungary,2011,TRUE,TRUE,2005,EU-10 (2004)
HU,Hungary,2012,TRUE,TRUE,2005,EU-10 (2004)
HU,Hungary,2013,TRUE,TRUE,2005,EU-10 (2004)
HU,Hungary,2014,TRUE,TRUE,2005,EU-10 (2004)
HU,Hungary,2015,TRUE,TRUE,2005,EU-10 (2004)
HU,Hungary,2016,TRUE,TRUE,2005,EU-10 (2004)
HU,Hungary,2017,TRUE,TRUE,2005,EU-10 (2004)
HU,Hungary,2018,TRUE,TRUE,2005,EU-10 (2004)
HU,Hungary,2019,TRUE,TRUE,2005,EU-10 (2004)
HU,Hungary,2020,TRUE,TRUE,2005,EU-10 (2004)
HU,Hungary,2021,TRUE,TRUE,2005,EU-10 (2004)
HU,Hungary,2022,TRUE,TRUE,2005,EU-10 (2004)
IE,Ireland,2000,FALSE,TRUE,2005,EU-15
IE,Ireland,2001,FALSE,TRUE,2005,EU-15
IE,Ireland,2002,FALSE,TRUE,2005,EU-15
IE,Ireland,2003,FALSE,TRUE,2005,EU-15
IE,Ireland,2004,FALSE,TRUE,2005,EU-15
IE,Ireland,2005,TRUE,TRUE,2005,EU-15
IE,Ireland,2006,TRUE,TRUE,2005,EU-15
IE,Ireland,2007,TRUE,TRUE,2005,EU-15
IE,Ireland,2008,TRUE,TRUE,2005,EU-15
IE,Ireland,2009,TRUE,TRUE,2005,EU-15
IE,Ireland,2010,TRUE,TRUE,2005,EU-15
IE,Ireland,2011,TRUE,TRUE,2005,EU-15
IE,Ireland,2012,TRUE,TRUE,2005,EU-15
IE,Ireland,2013,TRUE,TRUE,2005,EU-15
IE,Ireland,2014,TRUE,TRUE,2005,EU-15
IE,Ireland,2015,TRUE,TRUE,2005,EU-15
IE,Ireland,2016,TRUE,TRUE,2005,EU-15
IE,Ireland,2017,TRUE,TRUE,2005,EU-15
IE,Ireland,2018,TRUE,TRUE,2005,EU-15
IE,Ireland,2019,TRUE,TRUE,2005,EU-15
IE,Ireland,2020,TRUE,TRUE,2005,EU-15
IE,Ireland,2021,TRUE,TRUE,2005,EU-15
IE,Ireland,2022,TRUE,TRUE,2005,EU-15
IS,Iceland,2008,TRUE,TRUE,2008,EEA-EFTA
IS,Iceland,2009,TRUE,TRUE,2008,EEA-EFTA
IS,Iceland,2010,TRUE,TRUE,2008,EEA-EFTA
IS,Iceland,2011,TRUE,TRUE,2008,EEA-EFTA
IS,Iceland,2012,TRUE,TRUE,2008,EEA-EFTA
IS,Iceland,2013,TRUE,TRUE,2008,EEA-EFTA
IS,Iceland,2014,TRUE,TRUE,2008,EEA-EFTA
IS,Iceland,2015,TRUE,TRUE,2008,EEA-EFTA
IS,Iceland,2016,TRUE,TRUE,2008,EEA-EFTA
IS,Iceland,2017,TRUE,TRUE,2008,EEA-EFTA
IS,Iceland,2018,TRUE,TRUE,2008,EEA-EFTA
IS,Iceland,2019,TRUE,TRUE,2008,EEA-EFTA
IS,Iceland,2020,TRUE,TRUE,2008,EEA-EFTA
IS,Iceland,2021,TRUE,TRUE,2008,EEA-EFTA
IS,Iceland,2022,TRUE,TRUE,2008,EEA-EFTA
IT,Italy,2000,FALSE,TRUE,2005,EU-15
IT,Italy,2001,FALSE,TRUE,2005,EU-15
IT,Italy,2002,FALSE,TRUE,2005,EU-15
IT,Italy,2003,FALSE,TRUE,2005,EU-15
IT,Italy,2004,FALSE,TRUE,2005,EU-15
IT,Italy,2005,TRUE,TRUE,2005,EU-15
IT,Italy,2006,TRUE,TRUE,2005,EU-15
IT,Italy,2007,TRUE,TRUE,2005,EU-15
IT,Italy,2008,TRUE,TRUE,2005,EU-15
IT,Italy,2009,TRUE,TRUE,2005,EU-15
IT,Italy,2010,TRUE,TRUE,2005,EU-15
IT,Italy,2011,TRUE,TRUE,2005,EU-15
IT,Italy,2012,TRUE,TRUE,2005,EU-15
IT,Italy,2013,TRUE,TRUE,2005,EU-15
IT,Italy,2014,TRUE,TRUE,2005,EU-15
IT,Italy,2015,TRUE,TRUE,2005,EU-15
IT,Italy,2016,TRUE,TRUE,2005,EU-15
IT,Italy,2017,TRUE,TRUE,2005,EU-15
IT,Italy,2018,TRUE,TRUE,2005,EU-15
IT,Italy,2019,TRUE,TRUE,2005,EU-15
IT,Italy,2020,TRUE,TRUE,2005,EU-15
IT,Italy,2021,TRUE,TRUE,2005,EU-15
IT,Italy,2022,TRUE,TRUE,2005,EU-15
LI,Liechtenstein,2008,TRUE,TRUE,2008,EEA-EFTA
LI,Liechtenstein,2009,TRUE,TRUE,2008,EEA-EFTA
LI,Liechtenstein,2010,TRUE,TRUE,2008,EEA-EFTA
LI,Liechtenstein,2011,TRUE,TRUE,2008,EEA-EFTA
LI,Liechtenstein,2012,TRUE,TRUE,2008,EEA-EFTA
LI,Liechtenstein,2013,TRUE,TRUE,2008,EEA-EFTA
LI,Liechtenstein,2014,TRUE,TRUE,2008,EEA-EFTA
LI,Liechtenstein,2015,TRUE,TRUE,2008,EEA-EFTA
LI,Liechtenstein,2016,TRUE,TRUE,2008,EEA-EFTA
LI,Liechtenstein,2017,TRUE,TRUE,2008,EEA-EFTA
LI,Liechtenstein,2018,TRUE,TRUE,2008,EEA-EFTA
LI,Liechtenstein,2019,TRUE,TRUE,2008,EEA-EFTA
LI,Liechtenstein,2020,TRUE,TRUE,2008,EEA-EFTA
LI,Liechtenstein,2021,TRUE,TRUE,2008,EEA-EFTA
LI,Liechtenstein,2022,TRUE,TRUE,2008,EEA-EFTA
LT,Lithuania,2000,FALSE,TRUE,2005,EU-10 (2004)
LT,Lithuania,2001,FALSE,TRUE,2005,EU-10 (2004)
LT,Lithuania,2002,FALSE,TRUE,2005,EU-10 (2004)
LT,Lithuania,2003,FALSE,TRUE,2005,EU-10 (2004)
LT,Lithuania,2004,FALSE,TRUE,2005,EU-10 (2004)
LT,Lithuania,2005,TRUE,TRUE,2005,EU-10 (2004)
LT,Lithuania,2006,TRUE,TRUE,2005,EU-10 (2004)
LT,Lithuania,2007,TRUE,TRUE,2005,EU-10 (2004)
LT,Lithuania,2008,TRUE,TRUE,2005,EU-10 (2004)
LT,Lithuania,2009,TRUE,TRUE,2005,EU-10 (2004)
LT,Lithuania,2010,TRUE,TRUE,2005,EU-10 (2004)
LT,Lithuania,2011,TRUE,TRUE,2005,EU-10 (2004)
LT,Lithuania,2012,TRUE,TRUE,2005,EU-10 (2004)
LT,Lithuania,2013,TRUE,TRUE,2005,EU-10 (2004)
LT,Lithuania,2014,TRUE,TRUE,2005,EU-10 (2004)
LT,Lithuania,2015,TRUE,TRUE,2005,EU-10 (2004)
LT,Lithuania,2016,TRUE,TRUE,2005,EU-10 (2004)
LT,Lithuania,2017,TRUE,TRUE,2005,EU-10 (2004)
LT,Lithuania,2018,TRUE,TRUE,2005,EU-10 (2004)
LT,Lithuania,2019,TRUE,TRUE,2005,EU-10 (2004)
LT,Lithuania,2020,TRUE,TRUE,2005,EU-10 (2004)
LT,Lithuania,2021,TRUE,TRUE,2005,EU-10 (2004)
LT,Lithuania,2022,TRUE,TRUE,2005,EU-10 (2004)
LU,Luxembourg,2000,FALSE,TRUE,2005,EU-15
LU,Luxembourg,2001,FALSE,TRUE,2005,EU-15
LU,Luxembourg,2002,FALSE,TRUE,2005,EU-15
LU,Luxembourg,2003,FALSE,TRUE,2005,EU-15
LU,Luxembourg,2004,FALSE,TRUE,2005,EU-15
LU,Luxembourg,2005,TRUE,TRUE,2005,EU-15
LU,Luxembourg,2006,TRUE,TRUE,2005,EU-15
LU,Luxembourg,2007,TRUE,TRUE,2005,EU-15
LU,Luxembourg,2008,TRUE,TRUE,2005,EU-15
LU,Luxembourg,2009,TRUE,TRUE,2005,EU-15
LU,Luxembourg,2010,TRUE,TRUE,2005,EU-15
LU,Luxembourg,2011,TRUE,TRUE,2005,EU-15
LU,Luxembourg,2012,TRUE,TRUE,2005,EU-15
LU,Luxembourg,2013,TRUE,TRUE,2005,EU-15
LU,Luxembourg,2014,TRUE,TRUE,2005,EU-15
LU,Luxembourg,2015,TRUE,TRUE,2005,EU-15
LU,Luxembourg,2016,TRUE,TRUE,2005,EU-15
LU,Luxembourg,2017,TRUE,TRUE,2005,EU-15
LU,Luxembourg,2018,TRUE,TRUE,2005,EU-15
LU,Luxembourg,2019,TRUE,TRUE,2005,EU-15
LU,Luxembourg,2020,TRUE,TRUE,2005,EU-15
LU,Luxembourg,2021,TRUE,TRUE,2005,EU-15
LU,Luxembourg,2022,TRUE,TRUE,2005,EU-15
LV,Latvia,2000,FALSE,TRUE,2005,EU-10 (2004)
LV,Latvia,2001,FALSE,TRUE,2005,EU-10 (2004)
LV,Latvia,2002,FALSE,TRUE,2005,EU-10 (2004)
LV,Latvia,2003,FALSE,TRUE,2005,EU-10 (2004)
LV,Latvia,2004,FALSE,TRUE,2005,EU-10 (2004)
LV,Latvia,2005,TRUE,TRUE,2005,EU-10 (2004)
LV,Latvia,2006,TRUE,TRUE,2005,EU-10 (2004)
LV,Latvia,2007,TRUE,TRUE,2005,EU-10 (2004)
LV,Latvia,2008,TRUE,TRUE,2005,EU-10 (2004)
LV,Latvia,2009,TRUE,TRUE,2005,EU-10 (2004)
LV,Latvia,2010,TRUE,TRUE,2005,EU-10 (2004)
LV,Latvia,2011,TRUE,TRUE,2005,EU-10 (2004)
LV,Latvia,2012,TRUE,TRUE,2005,EU-10 (2004)
LV,Latvia,2013,TRUE,TRUE,2005,EU-10 (2004)
LV,Latvia,2014,TRUE,TRUE,2005,EU-10 (2004)
LV,Latvia,2015,TRUE,TRUE,2005,EU-10 (2004)
LV,Latvia,2016,TRUE,TRUE,2005,EU-10 (2004)
LV,Latvia,2017,TRUE,TRUE,2005,EU-10 (2004)
LV,Latvia,2018,TRUE,TRUE,2005,EU-10 (2004)
LV,Latvia,2019,TRUE,TRUE,2005,EU-10 (2004)
LV,Latvia,2020,TRUE,TRUE,2005,EU-10 (2004)
LV,Latvia,2021,TRUE,TRUE,2005,EU-10 (2004)
LV,Latvia,2022,TRUE,TRUE,2005,EU-10 (2004)
MT,Malta,2000,FALSE,TRUE,2005,EU-10 (2004)
MT,Malta,2001,FALSE,TRUE,2005,EU-10 (2004)
MT,Malta,2002,FALSE,TRUE,2005,EU-10 (2004)
MT,Malta,2003,FALSE,TRUE,2005,EU-10 (2004)
MT,Malta,2004,FALSE,TRUE,2005,EU-10 (2004)
MT,Malta,2005,TRUE,TRUE,2005,EU-10 (2004)
MT,Malta,2006,TRUE,TRUE,2005,EU-10 (2004)
MT,Malta,2007,TRUE,TRUE,2005,EU-10 (2004)
MT,Malta,2008,TRUE,TRUE,2005,EU-10 (2004)
MT,Malta,2009,TRUE,TRUE,2005,EU-10 (2004)
MT,Malta,2010,TRUE,TRUE,2005,EU-10 (2004)
MT,Malta,2011,TRUE,TRUE,2005,EU-10 (2004)
MT,Malta,2012,TRUE,TRUE,2005,EU-10 (2004)
MT,Malta,2013,TRUE,TRUE,2005,EU-10 (2004)
MT,Malta,2014,TRUE,TRUE,2005,EU-10 (2004)
MT,Malta,2015,TRUE,TRUE,2005,EU-10 (2004)
MT,Malta,2016,TRUE,TRUE,2005,EU-10 (2004)
MT,Malta,2017,TRUE,TRUE,2005,EU-10 (2004)
MT,Malta,2018,TRUE,TRUE,2005,EU-10 (2004)
MT,Malta,2019,TRUE,TRUE,2005,EU-10 (2004)
MT,Malta,2020,TRUE,TRUE,2005,EU-10 (2004)
MT,Malta,2021,TRUE,TRUE,2005,EU-10 (2004)
MT,Malta,2022,TRUE,TRUE,2005,EU-10 (2004)
NL,Netherlands,2000,FALSE,TRUE,2005,EU-15
NL,Netherlands,2001,FALSE,TRUE,2005,EU-15
NL,Netherlands,2002,FALSE,TRUE,2005,EU-15
NL,Netherlands,2003,FALSE,TRUE,2005,EU-15
NL,Netherlands,2004,FALSE,TRUE,2005,EU-15
NL,Netherlands,2005,TRUE,TRUE,2005,EU-15
NL,Netherlands,2006,TRUE,TRUE,2005,EU-15
NL,Netherlands,2007,TRUE,TRUE,2005,EU-15
NL,Netherlands,2008,TRUE,TRUE,2005,EU-15
NL,Netherlands,2009,TRUE,TRUE,2005,EU-15
NL,Netherlands,2010,TRUE,TRUE,2005,EU-15
NL,Netherlands,2011,TRUE,TRUE,2005,EU-15
NL,Netherlands,2012,TRUE,TRUE,2005,EU-15
NL,Netherlands,2013,TRUE,TRUE,2005,EU-15
NL,Netherlands,2014,TRUE,TRUE,2005,EU-15
NL,Netherlands,2015,TRUE,TRUE,2005,EU-15
NL,Netherlands,2016,TRUE,TRUE,2005,EU-15
NL,Netherlands,2017,TRUE,TRUE,2005,EU-15
NL,Netherlands,2018,TRUE,TRUE,2005,EU-15
NL,Netherlands,2019,TRUE,TRUE,2005,EU-15
NL,Netherlands,2020,TRUE,TRUE,2005,EU-15
NL,Netherlands,2021,TRUE,TRUE,2005,EU-15
NL,Netherlands,2022,TRUE,TRUE,2005,EU-15
NO,Norway,2008,TRUE,TRUE,2008,EEA-EFTA
NO,Norway,2009,TRUE,TRUE,2008,EEA-EFTA
NO,Norway,2010,TRUE,TRUE,2008,EEA-EFTA
NO,Norway,2011,TRUE,TRUE,2008,EEA-EFTA
NO,Norway,2012,TRUE,TRUE,2008,EEA-EFTA
NO,Norway,2013,TRUE,TRUE,2008,EEA-EFTA
NO,Norway,2014,TRUE,TRUE,2008,EEA-EFTA
NO,Norway,2015,TRUE,TRUE,2008,EEA-EFTA
NO,Norway,2016,TRUE,TRUE,2008,EEA-EFTA
NO,Norway,2017,TRUE,TRUE,2008,EEA-EFTA
NO,Norway,2018,TRUE,TRUE,2008,EEA-EFTA
NO,Norway,2019,TRUE,TRUE,2008,EEA-EFTA
NO,Norway,2020,TRUE,TRUE,2008,EEA-EFTA
NO,Norway,2021,TRUE,TRUE,2008,EEA-EFTA
NO,Norway,2022,TRUE,TRUE,2008,EEA-EFTA
PL,Poland,2000,FALSE,TRUE,2005,EU-10 (2004)
PL,Poland,2001,FALSE,TRUE,2005,EU-10 (2004)
PL,Poland,2002,FALSE,TRUE,2005,EU-10 (2004)
PL,Poland,2003,FALSE,TRUE,2005,EU-10 (2004)
PL,Poland,2004,FALSE,TRUE,2005,EU-10 (2004)
PL,Poland,2005,TRUE,TRUE,2005,EU-10 (2004)
PL,Poland,2006,TRUE,TRUE,2005,EU-10 (2004)
PL,Poland,2007,TRUE,TRUE,2005,EU-10 (2004)
PL,Poland,2008,TRUE,TRUE,2005,EU-10 (2004)
PL,Poland,2009,TRUE,TRUE,2005,EU-10 (2004)
PL,Poland,2010,TRUE,TRUE,2005,EU-10 (2004)
PL,Poland,2011,TRUE,TRUE,2005,EU-10 (2004)
PL,Poland,2012,TRUE,TRUE,2005,EU-10 (2004)
PL,Poland,2013,TRUE,TRUE,2005,EU-10 (2004)
PL,Poland,2014,TRUE,TRUE,2005,EU-10 (2004)
PL,Poland,2015,TRUE,TRUE,2005,EU-10 (2004)
PL,Poland,2016,TRUE,TRUE,2005,EU-10 (2004)
PL,Poland,2017,TRUE,TRUE,2005,EU-10 (2004)
PL,Poland,2018,TRUE,TRUE,2005,EU-10 (2004)
PL,Poland,2019,TRUE,TRUE,2005,EU-10 (2004)
PL,Poland,2020,TRUE,TRUE,2005,EU-10 (2004)
PL,Poland,2021,TRUE,TRUE,2005,EU-10 (2004)
PL,Poland,2022,TRUE,TRUE,2005,EU-10 (2004)
PT,Portugal,2000,FALSE,TRUE,2005,EU-15
PT,Portugal,2001,FALSE,TRUE,2005,EU-15
PT,Portugal,2002,FALSE,TRUE,2005,EU-15
PT,Portugal,2003,FALSE,TRUE,2005,EU-15
PT,Portugal,2004,FALSE,TRUE,2005,EU-15
PT,Portugal,2005,TRUE,TRUE,2005,EU-15
PT,Portugal,2006,TRUE,TRUE,2005,EU-15
PT,Portugal,2007,TRUE,TRUE,2005,EU-15
PT,Portugal,2008,TRUE,TRUE,2005,EU-15
PT,Portugal,2009,TRUE,TRUE,2005,EU-15
PT,Portugal,2010,TRUE,TRUE,2005,EU-15
PT,Portugal,2011,TRUE,TRUE,2005,EU-15
PT,Portugal,2012,TRUE,TRUE,2005,EU-15
PT,Portugal,2013,TRUE,TRUE,2005,EU-15
PT,Portugal,2014,TRUE,TRUE,2005,EU-15
PT,Portugal,2015,TRUE,TRUE,2005,EU-15
PT,Portugal,2016,TRUE,TRUE,2005,EU-15
PT,Portugal,2017,TRUE,TRUE,2005,EU-15
PT,Portugal,2018,TRUE,TRUE,2005,EU-15
PT,Portugal,2019,TRUE,TRUE,2005,EU-15
PT,Portugal,2020,TRUE,TRUE,2005,EU-15
PT,Portugal,2021,TRUE,TRUE,2005,EU-15
PT,Portugal,2022,TRUE,TRUE,2005,EU-15
RO,Romania,2007,TRUE,TRUE,2007,EU-2 (2007)
RO,Romania,2008,TRUE,TRUE,2007,EU-2 (2007)
RO,Romania,2009,TRUE,TRUE,2007,EU-2 (2007)
RO,Romania,2010,TRUE,TRUE,2007,EU-2 (2007)
RO,Romania,2011,TRUE,TRUE,2007,EU-2 (2007)
RO,Romania,2012,TRUE,TRUE,2007,EU-2 (2007)
RO,Romania,2013,TRUE,TRUE,2007,EU-2 (2007)
RO,Romania,2014,TRUE,TRUE,2007,EU-2 (2007)
RO,Romania,2015,TRUE,TRUE,2007,EU-2 (2007)
RO,Romania,2016,TRUE,TRUE,2007,EU-2 (2007)
RO,Romania,2017,TRUE,TRUE,2007,EU-2 (2007)
RO,Romania,2018,TRUE,TRUE,2007,EU-2 (2007)
RO,Romania,2019,TRUE,TRUE,2007,EU-2 (2007)
RO,Romania,2020,TRUE,TRUE,2007,EU-2 (2007)
RO,Romania,2021,TRUE,TRUE,2007,EU-2 (2007)
RO,Romania,2022,TRUE,TRUE,2007,EU-2 (2007)
SE,Sweden,2000,FALSE,TRUE,2005,EU-15
SE,Sweden,2001,FALSE,TRUE,2005,EU-15
SE,Sweden,2002,FALSE,TRUE,2005,EU-15
SE,Sweden,2003,FALSE,TRUE,2005,EU-15
SE,Sweden,2004,FALSE,TRUE,2005,EU-15
SE,Sweden,2005,TRUE,TRUE,2005,EU-15
SE,Sweden,2006,TRUE,TRUE,2005,EU-15
SE,Sweden,2007,TRUE,TRUE,2005,EU-15
SE,Sweden,2008,TRUE,TRUE,2005,EU-15
SE,Sweden,2009,TRUE,TRUE,2005,EU-15
SE,Sweden,2010,TRUE,TRUE,2005,EU-15
SE,Sweden,2011,TRUE,TRUE,2005,EU-15
SE,Sweden,2012,TRUE,TRUE,2005,EU-15
SE,Sweden,2013,TRUE,TRUE,2005,EU-15
SE,Sweden,2014,TRUE,TRUE,2005,EU-15
SE,Sweden,2015,TRUE,TRUE,2005,EU-15
SE,Sweden,2016,TRUE,TRUE,2005,EU-15
SE,Sweden,2017,TRUE,TRUE,2005,EU-15
SE,Sweden,2018,TRUE,TRUE,2005,EU-15
SE,Sweden,2019,TRUE,TRUE,2005,EU-15
SE,Sweden,2020,TRUE,TRUE,2005,EU-15
SE,Sweden,2021,TRUE,TRUE,2005,EU-15
SE,Sweden,2022,TRUE,TRUE,2005,EU-15
SI,Slovenia,2000,FALSE,TRUE,2005,EU-10 (2004)
SI,Slovenia,2001,FALSE,TRUE,2005,EU-10 (2004)
SI,Slovenia,2002,FALSE,TRUE,2005,EU-10 (2004)
SI,Slovenia,2003,FALSE,TRUE,2005,EU-10 (2004)
SI,Slovenia,2004,FALSE,TRUE,2005,EU-10 (2004)
SI,Slovenia,2005,TRUE,TRUE,2005,EU-10 (2004)
SI,Slovenia,2006,TRUE,TRUE,2005,EU-10 (2004)
SI,Slovenia,2007,TRUE,TRUE,2005,EU-10 (2004)
SI,Slovenia,2008,TRUE,TRUE,2005,EU-10 (2004)
SI,Slovenia,2009,TRUE,TRUE,2005,EU-10 (2004)
SI,Slovenia,2010,TRUE,TRUE,2005,EU-10 (2004)
SI,Slovenia,2011,TRUE,TRUE,2005,EU-10 (2004)
SI,Slovenia,2012,TRUE,TRUE,2005,EU-10 (2004)
SI,Slovenia,2013,TRUE,TRUE,2005,EU-10 (2004)
SI,Slovenia,2014,TRUE,TRUE,2005,EU-10 (2004)
SI,Slovenia,2015,TRUE,TRUE,2005,EU-10 (2004)
SI,Slovenia,2016,TRUE,TRUE,2005,EU-10 (2004)
SI,Slovenia,2017,TRUE,TRUE,2005,EU-10 (2004)
SI,Slovenia,2018,TRUE,TRUE,2005,EU-10 (2004)
SI,Slovenia,2019,TRUE,TRUE,2005,EU-10 (2004)
SI,Slovenia,2020,TRUE,TRUE,2005,EU-10 (2004)
SI,Slovenia,2021,TRUE,TRUE,2005,EU-10 (2004)
SI,Slovenia,2022,TRUE,TRUE,2005,EU-10 (2004)
SK,Slovakia,2000,FALSE,TRUE,2005,EU-10 (2004)
SK,Slovakia,2001,FALSE,TRUE,2005,EU-10 (2004)
SK,Slovakia,2002,FALSE,TRUE,2005,EU-10 (2004)
SK,Slovakia,2003,FALSE,TRUE,2005,EU-10 (2004)
SK,Slovakia,2004,FALSE,TRUE,2005,EU-10 (2004)
SK,Slovakia,2005,TRUE,TRUE,2005,EU-10 (2004)
SK,Slovakia,2006,TRUE,TRUE,2005,EU-10 (2004)
SK,Slovakia,2007,TRUE,TRUE,2005,EU-10 (2004)
SK,Slovakia,2008,TRUE,TRUE,2005,EU-10 (2004)
SK,Slovakia,2009,TRUE,TRUE,2005,EU-10 (2004)
SK,Slovakia,2010,TRUE,TRUE,2005,EU-10 (2004)
SK,Slovakia,2011,TRUE,TRUE,2005,EU-10 (2004)
SK,Slovakia,2012,TRUE,TRUE,2005,EU-10 (2004)
SK,Slovakia,2013,TRUE,TRUE,2005,EU-10 (2004)
SK,Slovakia,2014,TRUE,TRUE,2005,EU-10 (2004)
SK,Slovakia,2015,TRUE,TRUE,2005,EU-10 (2004)
SK,Slovakia,2016,TRUE,TRUE,2005,EU-10 (2004)
SK,Slovakia,2017,TRUE,TRUE,2005,EU-10 (2004)
SK,Slovakia,2018,TRUE,TRUE,2005,EU-10 (2004)
SK,Slovakia,2019,TRUE,TRUE,2005,EU-10 (2004)
SK,Slovakia,2020,TRUE,TRUE,2005,EU-10 (2004)
SK,Slovakia,2021,TRUE,TRUE,2005,EU-10 (2004)
SK,Slovakia,2022,TRUE,TRUE,2005,EU-10 (2004)
UK,United Kingdom,2000,FALSE,TRUE,2005,UK (in until 2020) (alias of GB)
UK,United Kingdom,2001,FALSE,TRUE,2005,UK (in until 2020) (alias of GB)
UK,United Kingdom,2002,FALSE,TRUE,2005,UK (in until 2020) (alias of GB)
UK,United Kingdom,2003,FALSE,TRUE,2005,UK (in until 2020) (alias of GB)
UK,United Kingdom,2004,FALSE,TRUE,2005,UK (in until 2020) (alias of GB)
UK,United Kingdom,2005,TRUE,TRUE,2005,UK (in until 2020) (alias of GB)
UK,United Kingdom,2006,TRUE,TRUE,2005,UK (in until 2020) (alias of GB)
UK,United Kingdom,2007,TRUE,TRUE,2005,UK (in until 2020) (alias of GB)
UK,United Kingdom,2008,TRUE,TRUE,2005,UK (in until 2020) (alias of GB)
UK,United Kingdom,2009,TRUE,TRUE,2005,UK (in until 2020) (alias of GB)
UK,United Kingdom,2010,TRUE,TRUE,2005,UK (in until 2020) (alias of GB)
UK,United Kingdom,2011,TRUE,TRUE,2005,UK (in until 2020) (alias of GB)
UK,United Kingdom,2012,TRUE,TRUE,2005,UK (in until 2020) (alias of GB)
UK,United Kingdom,2013,TRUE,TRUE,2005,UK (in until 2020) (alias of GB)
UK,United Kingdom,2014,TRUE,TRUE,2005,UK (in until 2020) (alias of GB)
UK,United Kingdom,2015,TRUE,TRUE,2005,UK (in until 2020) (alias of GB)
UK,United Kingdom,2016,TRUE,TRUE,2005,UK (in until 2020) (alias of GB)
UK,United Kingdom,2017,TRUE,TRUE,2005,UK (in until 2020) (alias of GB)
UK,United Kingdom,2018,TRUE,TRUE,2005,UK (in until 2020) (alias of GB)
UK,United Kingdom,2019,TRUE,TRUE,2005,UK (in until 2020) (alias of GB)
UK,United Kingdom,2020,TRUE,TRUE,2005,UK (in until 2020) (alias of GB)
