version,treat_year,norm_year,seller_nace4d,year,mean_share,n_cells
treat_2008,2008,2007,1031,2005,0.382874989764288,4
treat_2008,2008,2007,1031,2006,0.90200703441681,4
treat_2008,2008,2007,1031,2007,1.09799296558319,4
treat_2008,2008,2007,1031,2008,0.623347500391449,3
treat_2008,2008,2007,1031,2009,0.279983162761722,4
treat_2008,2008,2007,1031,2010,0.606773451204287,3
treat_2008,2008,2007,1031,2011,0.480018425760227,4
treat_2008,2008,2007,1031,2012,0.559431840110318,4
treat_2008,2008,2007,1031,2013,0.632596368786669,3
treat_2008,2008,2007,1031,2014,0.643647011987759,3
treat_2008,2008,2007,1031,2015,0,2
treat_2008,2008,2007,1031,2016,0,2
treat_2008,2008,2007,1031,2017,0,2
treat_2008,2008,2007,1031,2018,0,2
treat_2008,2008,2007,1031,2019,0,2
treat_2008,2008,2007,1031,2020,0,2
treat_2008,2008,2007,1031,2021,0,2
treat_2008,2008,2007,1031,2022,0,2
treat_2008,2008,2007,1039,2005,0.818288634827913,2
treat_2008,2008,2007,1039,2006,0.955817868244772,2
treat_2008,2008,2007,1039,2007,1.04418213175523,2
treat_2008,2008,2007,1039,2008,0.91287343096653,2
treat_2008,2008,2007,1039,2009,0.8017641006377,2
treat_2008,2008,2007,1039,2010,0.63262716018241,2
treat_2008,2008,2007,1039,2011,0.669187390071101,2
treat_2008,2008,2007,1039,2012,1.15600998257203,2
treat_2008,2008,2007,1039,2013,1.11106624008101,2
treat_2008,2008,2007,1039,2014,1.50633961348314,2
treat_2008,2008,2007,1039,2015,1.55571699551594,2
treat_2008,2008,2007,1039,2016,1.56208762480763,2
treat_2008,2008,2007,1039,2017,1.62392199003959,2
treat_2008,2008,2007,1039,2018,1.52385737581117,2
treat_2008,2008,2007,1039,2019,1.45124293123502,2
treat_2008,2008,2007,1039,2020,1.43828173878657,2
treat_2008,2008,2007,1039,2021,1.43651740894182,2
treat_2008,2008,2007,1039,2022,0.0471715079470481,1
treat_2008,2008,2007,1041,2005,1.73121188551174,4
treat_2008,2008,2007,1041,2006,0,4
treat_2008,2008,2007,1041,2007,2,4
treat_2008,2008,2007,1041,2008,0.597451919494313,4
treat_2008,2008,2007,1041,2009,1.22047038615582,3
treat_2008,2008,2007,1041,2010,1.28450882877072,2
treat_2008,2008,2007,1041,2011,0.861520040881354,4
treat_2008,2008,2007,1041,2012,2.14921991257893,4
treat_2008,2008,2007,1041,2013,1.9649269431816,3
treat_2008,2008,2007,1041,2014,0,1
treat_2008,2008,2007,1041,2015,0,1
treat_2008,2008,2007,1041,2016,1.01191851305466,2
treat_2008,2008,2007,1041,2017,0.981826856231819,2
treat_2008,2008,2007,1041,2018,0.672945316729341,3
treat_2008,2008,2007,1041,2019,0.177325391452036,3
treat_2008,2008,2007,1041,2020,2.09946151934277,2
treat_2008,2008,2007,1041,2021,1.39964101289518,3
treat_2008,2008,2007,1041,2022,1.39964101289518,3
treat_2008,2008,2007,1051,2005,0,9
treat_2008,2008,2007,1051,2006,1.04838825102947,10
treat_2008,2008,2007,1051,2007,0.951611748970525,10
treat_2008,2008,2007,1051,2008,0.882552544815697,10
treat_2008,2008,2007,1051,2009,1.01811904019033,10
treat_2008,2008,2007,1051,2010,1.15427888547848,10
treat_2008,2008,2007,1051,2011,1.16535842259038,10
treat_2008,2008,2007,1051,2012,1.09361617706055,9
treat_2008,2008,2007,1051,2013,1.24913409557763,10
treat_2008,2008,2007,1051,2014,1.04577798766303,10
treat_2008,2008,2007,1051,2015,0,10
treat_2008,2008,2007,1051,2016,0,9
treat_2008,2008,2007,1051,2017,0,9
treat_2008,2008,2007,1051,2018,0,10
treat_2008,2008,2007,1051,2019,0,8
treat_2008,2008,2007,1051,2020,0,9
treat_2008,2008,2007,1051,2021,0,9
treat_2008,2008,2007,1051,2022,0,10
treat_2008,2008,2007,1083,2005,0.893646948944419,1
treat_2008,2008,2007,1083,2006,0.901405613641943,1
treat_2008,2008,2007,1083,2007,1.09859438635806,1
treat_2008,2008,2007,1083,2008,0.436867015476437,1
treat_2008,2008,2007,1083,2009,0,1
treat_2008,2008,2007,1083,2010,0,1
treat_2008,2008,2007,1083,2021,0,1
treat_2008,2008,2007,1105,2005,1.55503547412633,11
treat_2008,2008,2007,1105,2006,0.713249562106992,12
treat_2008,2008,2007,1105,2007,1.28675043789301,12
treat_2008,2008,2007,1105,2008,13.1703718470506,12
treat_2008,2008,2007,1105,2009,4.11939924183345,12
treat_2008,2008,2007,1105,2010,3.28120200346603,11
treat_2008,2008,2007,1105,2011,1.49076462781443,11
treat_2008,2008,2007,1105,2012,1.95327381157927,11
treat_2008,2008,2007,1105,2013,0.531371649311906,11
treat_2008,2008,2007,1105,2014,0.653320941139532,10
treat_2008,2008,2007,1105,2015,1.02852218895745,10
treat_2008,2008,2007,1105,2016,1.06381396485953,9
treat_2008,2008,2007,1105,2017,1.42818082440769,9
treat_2008,2008,2007,1105,2018,1.05517183137013,9
treat_2008,2008,2007,1105,2019,1.14748506368966,10
treat_2008,2008,2007,1105,2020,1.27744125618611,10
treat_2008,2008,2007,1105,2021,3.56865002843457,9
treat_2008,2008,2007,1105,2022,17.6917875642679,8
treat_2008,2008,2007,1107,2005,1.2724674253209,4
treat_2008,2008,2007,1107,2006,1.19306079525184,5
treat_2008,2008,2007,1107,2007,0.806939204748163,5
treat_2008,2008,2007,1107,2008,1.20796876501274,5
treat_2008,2008,2007,1107,2009,1.18680361707352,5
treat_2008,2008,2007,1107,2010,1.29721394009097,5
treat_2008,2008,2007,1107,2011,1.31205762278698,5
treat_2008,2008,2007,1107,2012,1.23812633102309,5
treat_2008,2008,2007,1107,2013,1.27641370522247,5
treat_2008,2008,2007,1107,2014,1.24883082628318,5
treat_2008,2008,2007,1107,2015,1.2332835169044,5
treat_2008,2008,2007,1107,2016,1.22468164824512,5
treat_2008,2008,2007,1107,2017,1.21340693780657,5
treat_2008,2008,2007,1107,2018,1.22126942285291,5
treat_2008,2008,2007,1107,2019,1.20741380899749,5
treat_2008,2008,2007,1107,2020,1.19098789224302,5
treat_2008,2008,2007,1107,2021,1.16910555868025,5
treat_2008,2008,2007,1107,2022,1.2061515094185,5
treat_2008,2008,2007,1320,2005,0.502751377634281,3
treat_2008,2008,2007,1320,2006,0.390459591813232,6
treat_2008,2008,2007,1320,2007,1.60954040818677,6
treat_2008,2008,2007,1320,2008,1.15846178138416,5
treat_2008,2008,2007,1320,2009,1.54031673500187,4
treat_2008,2008,2007,1320,2010,1.92326148146502,4
treat_2008,2008,2007,1320,2011,1.58216763310455,4
treat_2008,2008,2007,1320,2012,0,4
treat_2008,2008,2007,1320,2013,0,4
treat_2008,2008,2007,1320,2014,0,4
treat_2008,2008,2007,1320,2015,0,4
treat_2008,2008,2007,1320,2016,0,4
treat_2008,2008,2007,1320,2017,0,4
treat_2008,2008,2007,1320,2018,0,4
treat_2008,2008,2007,1320,2019,0,4
treat_2008,2008,2007,1320,2020,0,4
treat_2008,2008,2007,1320,2021,0,5
treat_2008,2008,2007,1320,2022,0,5
treat_2008,2008,2007,1393,2005,2.65054491658652,10
treat_2008,2008,2007,1393,2006,1.41595514914563,10
treat_2008,2008,2007,1393,2007,0.621858955322156,11
treat_2008,2008,2007,1393,2008,0.671850087066158,11
treat_2008,2008,2007,1393,2009,1.75914472349276,9
treat_2008,2008,2007,1393,2010,1.31955210075586,8
treat_2008,2008,2007,1393,2011,0.955722629818571,8
treat_2008,2008,2007,1393,2012,0.21066361332779,8
treat_2008,2008,2007,1393,2013,0.414228701845891,8
treat_2008,2008,2007,1393,2014,0.264669767655093,9
treat_2008,2008,2007,1393,2015,0.27907841063781,10
treat_2008,2008,2007,1393,2016,0.325968738238661,10
treat_2008,2008,2007,1393,2017,0.371278513835649,10
treat_2008,2008,2007,1393,2018,0.175172796106325,9
treat_2008,2008,2007,1393,2019,0.275241959057432,9
treat_2008,2008,2007,1393,2020,0.651671787258482,8
treat_2008,2008,2007,1393,2021,0.57116631555565,9
treat_2008,2008,2007,1393,2022,5.27979322059102,7
treat_2008,2008,2007,1712,2005,2.2664957580059,2
treat_2008,2008,2007,1712,2006,0.81125332483182,3
treat_2008,2008,2007,1712,2007,1.18874667516818,3
treat_2008,2008,2007,1712,2008,0.705619336773496,3
treat_2008,2008,2007,1712,2009,45.31238446679,2
treat_2008,2008,2007,1712,2010,4.29394714259314,1
treat_2008,2008,2007,1712,2011,0.45985329855937,1
treat_2008,2008,2007,1712,2012,0.853951687435304,2
treat_2008,2008,2007,1712,2013,0.256436187273052,2
treat_2008,2008,2007,1712,2014,0.0318986688825336,2
treat_2008,2008,2007,1712,2015,0.00854062226936074,3
treat_2008,2008,2007,1712,2016,0.0169110346301249,3
treat_2008,2008,2007,1712,2017,0,2
treat_2008,2008,2007,1712,2018,0,2
treat_2008,2008,2007,1712,2019,0,2
treat_2008,2008,2007,1712,2020,0,2
treat_2008,2008,2007,1712,2021,0,2
treat_2008,2008,2007,1712,2022,0,3
treat_2008,2008,2007,2014,2005,3.09434652518971,27
treat_2008,2008,2007,2014,2006,1.0948865707059,31
treat_2008,2008,2007,2014,2007,0.905113429294101,31
treat_2008,2008,2007,2014,2008,1.62279217651996,26
treat_2008,2008,2007,2014,2009,1.58175430642483,27
treat_2008,2008,2007,2014,2010,1.58445906303546,29
treat_2008,2008,2007,2014,2011,2.10689287029732,28
treat_2008,2008,2007,2014,2012,1.26558910737901,27
treat_2008,2008,2007,2014,2013,0.885796006539793,23
treat_2008,2008,2007,2014,2014,1.97750384705698,24
treat_2008,2008,2007,2014,2015,2.16891449250532,22
treat_2008,2008,2007,2014,2016,2.12866217069665,23
treat_2008,2008,2007,2014,2017,2.43792552193008,22
treat_2008,2008,2007,2014,2018,2.14567932440483,22
treat_2008,2008,2007,2014,2019,2.53253653417864,20
treat_2008,2008,2007,2014,2020,8.51453829016121,20
treat_2008,2008,2007,2014,2021,2.49590767724759,19
treat_2008,2008,2007,2014,2022,10.1166854835307,20
treat_2008,2008,2007,2016,2005,1.31014757504826,1
treat_2008,2008,2007,2016,2006,1.09259440799286,1
treat_2008,2008,2007,2016,2007,0.907405592007144,1
treat_2008,2008,2007,2016,2008,1.17911998924889,1
treat_2008,2008,2007,2016,2009,0.087182984528004,1
treat_2008,2008,2007,2016,2010,0.114162535908077,1
treat_2008,2008,2007,2016,2011,0,1
treat_2008,2008,2007,2016,2012,0,1
treat_2008,2008,2007,2016,2013,0,1
treat_2008,2008,2007,2016,2015,0,1
treat_2008,2008,2007,2016,2016,0.127368073030432,1
treat_2008,2008,2007,2016,2017,0,1
treat_2008,2008,2007,2016,2018,0.882488070625804,1
treat_2008,2008,2007,2016,2019,0,1
treat_2008,2008,2007,2120,2005,0,4
treat_2008,2008,2007,2120,2006,0.5,4
treat_2008,2008,2007,2120,2007,1.5,4
treat_2008,2008,2007,2120,2008,3.01501534744028,4
treat_2008,2008,2007,2120,2009,8.4581296214618,3
treat_2008,2008,2007,2120,2010,4.77226713119447,4
treat_2008,2008,2007,2120,2011,4.54613021480491,4
treat_2008,2008,2007,2120,2012,0.742402709987027,4
treat_2008,2008,2007,2120,2014,0,3
treat_2008,2008,2007,2120,2015,0,3
treat_2008,2008,2007,2229,2005,1.89570654879523,10
treat_2008,2008,2007,2229,2006,1.8,10
treat_2008,2008,2007,2229,2007,0,8
treat_2008,2008,2007,2229,2008,1.55113952856335,9
treat_2008,2008,2007,2229,2009,16.145308141342,7
treat_2008,2008,2007,2229,2010,14.163808146725,8
treat_2008,2008,2007,2229,2011,15.6844391376501,7
treat_2008,2008,2007,2229,2012,17.3590959927772,7
treat_2008,2008,2007,2229,2013,16.4187011887176,7
treat_2008,2008,2007,2229,2014,13.0346295157704,9
treat_2008,2008,2007,2229,2015,7.38146694105453,9
treat_2008,2008,2007,2229,2016,9.58411562247014,7
treat_2008,2008,2007,2229,2017,9.39731523663547,7
treat_2008,2008,2007,2229,2018,10.9428173093418,6
treat_2008,2008,2007,2229,2019,8.7502147687644,5
treat_2008,2008,2007,2229,2020,26.3738087295835,4
treat_2008,2008,2007,2229,2021,18.0390265788461,6
treat_2008,2008,2007,2229,2022,21.6468318946153,5
treat_2008,2008,2007,2311,2005,1.14402591746548,3
treat_2008,2008,2007,2311,2006,1.39789317532297,5
treat_2008,2008,2007,2311,2007,0.602106824677029,5
treat_2008,2008,2007,2311,2008,4.98577352730411,5
treat_2008,2008,2007,2311,2009,4.87443711260945,5
treat_2008,2008,2007,2311,2010,2.23115966638125,5
treat_2008,2008,2007,2311,2011,4.73318574718501,5
treat_2008,2008,2007,2311,2012,5.97942518743645,4
treat_2008,2008,2007,2311,2013,5.14354608654369,5
treat_2008,2008,2007,2311,2014,8.99180181327535,3
treat_2008,2008,2007,2311,2015,9.19686057551138,3
treat_2008,2008,2007,2311,2016,7.14781605155402,4
treat_2008,2008,2007,2311,2017,11.2258650377892,2
treat_2008,2008,2007,2311,2018,21.4510475958964,1
treat_2008,2008,2007,2311,2019,21.4510475958964,1
treat_2008,2008,2007,2311,2020,21.4510475958964,1
treat_2008,2008,2007,2311,2021,21.4510475958964,1
treat_2008,2008,2007,2311,2022,21.4510475958964,1
treat_2008,2008,2007,2313,2005,0.932316932805847,1
treat_2008,2008,2007,2313,2006,1.5471039248533,2
treat_2008,2008,2007,2313,2007,0.452896075146705,2
treat_2008,2008,2007,2313,2008,0,2
treat_2008,2008,2007,2313,2009,0,1
treat_2008,2008,2007,2313,2010,0,1
treat_2008,2008,2007,2314,2005,7.21611386209434,3
treat_2008,2008,2007,2314,2006,0.927648316058173,4
treat_2008,2008,2007,2314,2007,1.07235168394183,4
treat_2008,2008,2007,2314,2008,0.775689309659721,4
treat_2008,2008,2007,2314,2009,8.97097580050197,2
treat_2008,2008,2007,2314,2010,8.97097580050197,2
treat_2008,2008,2007,2314,2011,8.97097580050197,2
treat_2008,2008,2007,2314,2012,2.32546845020435,1
treat_2008,2008,2007,2314,2013,1.64321719333233,3
treat_2008,2008,2007,2314,2014,2.81600331971754,2
treat_2008,2008,2007,2314,2015,2.74570036520017,2
treat_2008,2008,2007,2314,2016,0.284079610172235,1
treat_2008,2008,2007,2314,2017,2.68444259990641,2
treat_2008,2008,2007,2314,2018,22.373910301937,3
treat_2008,2008,2007,2314,2019,31.701711363373,2
treat_2008,2008,2007,2314,2020,22.4404667060102,3
treat_2008,2008,2007,2314,2021,31.9378529176274,2
treat_2008,2008,2007,2314,2022,22.539505447734,3
treat_2008,2008,2007,2351,2005,2.91500797524385,15
treat_2008,2008,2007,2351,2006,0.83105101065039,20
treat_2008,2008,2007,2351,2007,1.18772109927734,18
treat_2008,2008,2007,2351,2008,1.10703595278091,17
treat_2008,2008,2007,2351,2009,1.19111488816934,18
treat_2008,2008,2007,2351,2010,4.56577172772712,15
treat_2008,2008,2007,2351,2011,0.628942141350401,17
treat_2008,2008,2007,2351,2012,2.45570094627977,17
treat_2008,2008,2007,2351,2013,3.9737557676638,17
treat_2008,2008,2007,2351,2014,3.21196722313063,17
treat_2008,2008,2007,2351,2015,3.79867519658754,16
treat_2008,2008,2007,2351,2016,4.8723999056455,16
treat_2008,2008,2007,2351,2017,4.09335881150034,15
treat_2008,2008,2007,2351,2018,5.47145648244435,13
treat_2008,2008,2007,2351,2019,5.30219623403793,14
treat_2008,2008,2007,2351,2020,4.20346718262343,13
treat_2008,2008,2007,2351,2021,4.65502979960127,13
treat_2008,2008,2007,2351,2022,2.46949016120383,13
treat_2008,2008,2007,2352,2005,0,1
treat_2008,2008,2007,2352,2006,1.51288308710232,3
treat_2008,2008,2007,2352,2007,0.487116912897676,3
treat_2008,2008,2007,2352,2008,1.69231263486662,3
treat_2008,2008,2007,2352,2009,2.3450677213296,3
treat_2008,2008,2007,2352,2010,1.2779382695094,3
treat_2008,2008,2007,2352,2011,0.330889765303071,3
treat_2008,2008,2007,2352,2012,0.350004141961916,3
treat_2008,2008,2007,2352,2013,0.278589262899397,3
treat_2008,2008,2007,2352,2014,2.75836138853028,3
treat_2008,2008,2007,2352,2015,7.32382583213021,3
treat_2008,2008,2007,2352,2016,0.287368838959033,3
treat_2008,2008,2007,2352,2017,0.290839769336771,3
treat_2008,2008,2007,2352,2018,14.1788700293833,3
treat_2008,2008,2007,2352,2019,0.296905545699987,3
treat_2008,2008,2007,2352,2020,28.2107968733557,3
treat_2008,2008,2007,2352,2021,0.37653740311937,3
treat_2008,2008,2007,2352,2022,0,1
treat_2008,2008,2007,3030,2005,0.481063441887983,2
treat_2008,2008,2007,3030,2006,0.573992472727994,3
treat_2008,2008,2007,3030,2007,1.42600752727201,3
treat_2008,2008,2007,3030,2008,0.676268216645684,3
treat_2008,2008,2007,3030,2009,1.07113151149916,3
treat_2008,2008,2007,3030,2010,0.638394506728648,3
treat_2008,2008,2007,3030,2011,0.672804444215616,3
treat_2008,2008,2007,3030,2012,0.57653996509596,3
treat_2008,2008,2007,3030,2013,0.362723611341374,2
treat_2008,2008,2007,3030,2014,0.835459002069071,1
treat_2008,2008,2007,3030,2015,1.25561254772915,1
treat_2008,2008,2007,3030,2016,0.785191746495939,2
treat_2008,2008,2007,3030,2017,0.639223407978121,2
treat_2008,2008,2007,3030,2018,0.871891105422307,2
treat_2008,2008,2007,3030,2019,0.879537556630472,2
treat_2008,2008,2007,3030,2020,0.879537556630472,2
treat_2008,2008,2007,3030,2021,0.794955029659129,2
treat_2008,2008,2007,3030,2022,0.576618801804525,3
treat_2008,2008,2007,3511,2005,7.86863812545379,43
treat_2008,2008,2007,3511,2006,0.887720346534908,56
treat_2008,2008,2007,3511,2007,1.10840794127664,58
treat_2008,2008,2007,3511,2008,62.085496823097,51
treat_2008,2008,2007,3511,2009,67.3757150007748,46
treat_2008,2008,2007,3511,2010,1.88143866138045,42
treat_2008,2008,2007,3511,2011,3.76648220505076,41
treat_2008,2008,2007,3511,2012,3.71966479929627,36
treat_2008,2008,2007,3511,2013,7.56798608370128,35
treat_2008,2008,2007,3511,2014,91.4485562261894,34
treat_2008,2008,2007,3511,2015,91.1361490426261,34
treat_2008,2008,2007,3511,2016,72.9043743405553,44
treat_2008,2008,2007,3511,2017,74.5808876059332,43
treat_2008,2008,2007,3511,2018,74.5125900804861,43
treat_2008,2008,2007,3511,2019,71.3554975398193,45
treat_2008,2008,2007,3511,2020,76.3227725092684,42
treat_2008,2008,2007,3511,2021,80.1358347015973,40
treat_2008,2008,2007,3511,2022,84.2077643489123,38
treat_2008,2008,2007,4211,2005,0.676342361376592,10
treat_2008,2008,2007,4211,2006,1.03496641623537,10
treat_2008,2008,2007,4211,2007,0.965033583764631,10
treat_2008,2008,2007,4211,2008,12.3409907350963,10
treat_2008,2008,2007,4211,2009,0,9
treat_2008,2008,2007,4211,2010,0,9
treat_2008,2008,2007,4211,2011,0,8
treat_2008,2008,2007,4211,2012,0,9
treat_2008,2008,2007,4211,2013,0,9
treat_2008,2008,2007,4211,2014,0,9
treat_2008,2008,2007,4211,2015,0,9
treat_2008,2008,2007,4211,2016,0,8
treat_2008,2008,2007,4211,2017,0,8
treat_2008,2008,2007,4211,2018,0,8
treat_2008,2008,2007,4211,2019,0,8
treat_2008,2008,2007,4211,2020,0,8
treat_2008,2008,2007,4211,2021,0,8
treat_2008,2008,2007,4211,2022,0,8
treat_2008,2008,2007,4673,2005,0.664336670787359,15
treat_2008,2008,2007,4673,2006,1.18518032843805,16
treat_2008,2008,2007,4673,2007,0.814819671561947,16
treat_2008,2008,2007,4673,2008,2.00557878322961,16
treat_2008,2008,2007,4673,2009,0,15
treat_2008,2008,2007,4673,2010,0,14
treat_2008,2008,2007,4673,2011,0,14
treat_2008,2008,2007,4673,2012,0,13
treat_2008,2008,2007,4673,2013,0,13
treat_2008,2008,2007,4673,2014,0,14
treat_2008,2008,2007,4673,2015,0,14
treat_2008,2008,2007,4673,2016,0,14
treat_2008,2008,2007,4673,2017,0,14
treat_2008,2008,2007,4673,2018,0,12
treat_2008,2008,2007,4673,2019,0,13
treat_2008,2008,2007,4673,2020,0,12
treat_2008,2008,2007,4673,2021,0,13
treat_2008,2008,2007,4673,2022,0,12
treat_2013,2013,2012,1013,2005,1.00309789347767,1
treat_2013,2013,2012,1013,2007,1.00309789347767,1
treat_2013,2013,2012,1013,2008,1.00309789347767,1
treat_2013,2013,2012,1013,2009,1.00309789347767,1
treat_2013,2013,2012,1013,2010,1.00309789347767,1
treat_2013,2013,2012,1013,2011,0.998110579469085,1
treat_2013,2013,2012,1013,2012,1.00188942053092,1
treat_2013,2013,2012,1013,2013,1.00309789347767,1
treat_2013,2013,2012,1013,2014,1.00309789347767,1
treat_2013,2013,2012,1013,2015,1.00309789347767,1
treat_2013,2013,2012,1031,2005,2.07062549852249,11
treat_2013,2013,2012,1031,2006,1.66881774724473,10
treat_2013,2013,2012,1031,2007,1.54536921335003,11
treat_2013,2013,2012,1031,2008,0.613049066185769,11
treat_2013,2013,2012,1031,2009,0.820648218745109,13
treat_2013,2013,2012,1031,2010,0.940576962278823,14
treat_2013,2013,2012,1031,2011,0.964726534514075,14
treat_2013,2013,2012,1031,2012,1.0329219011202,15
treat_2013,2013,2012,1031,2013,0.650340683586077,16
treat_2013,2013,2012,1031,2014,0.533343530612664,13
treat_2013,2013,2012,1031,2015,1.83067035699354,12
treat_2013,2013,2012,1031,2016,4.43417292184849,12
treat_2013,2013,2012,1031,2017,1.21923532858671,11
treat_2013,2013,2012,1031,2018,7.7535623230415,11
treat_2013,2013,2012,1031,2019,8.47128725955158,11
treat_2013,2013,2012,1031,2020,1.83276326666089,11
treat_2013,2013,2012,1031,2021,2.26678115646073,11
treat_2013,2013,2012,1031,2022,2.95464746142518,11
treat_2013,2013,2012,1039,2005,0.993066149663911,3
treat_2013,2013,2012,1039,2006,1.12769456677287,3
treat_2013,2013,2012,1039,2007,1.17746229705838,3
treat_2013,2013,2012,1039,2008,0.779366403331627,4
treat_2013,2013,2012,1039,2009,0.698789295653389,4
treat_2013,2013,2012,1039,2010,0.813861056072923,4
treat_2013,2013,2012,1039,2011,0.834608664196095,4
treat_2013,2013,2012,1039,2012,1.1653913358039,4
treat_2013,2013,2012,1039,2013,1.12677371652125,4
treat_2013,2013,2012,1039,2014,1.40568521359653,4
treat_2013,2013,2012,1039,2015,1.45583845823392,4
treat_2013,2013,2012,1039,2016,1.47873976636282,4
treat_2013,2013,2012,1039,2017,1.48463738136913,4
treat_2013,2013,2012,1039,2018,1.47396229583686,4
treat_2013,2013,2012,1039,2019,1.40745660013204,4
treat_2013,2013,2012,1039,2020,1.51309569017965,4
treat_2013,2013,2012,1039,2021,1.5123358902322,4
treat_2013,2013,2012,1039,2022,0.799973282480909,3
treat_2013,2013,2012,1089,2005,1.73054799363357,1
treat_2013,2013,2012,1089,2006,1.72838027901539,1
treat_2013,2013,2012,1089,2007,1.73054799363357,1
treat_2013,2013,2012,1089,2008,1.73054799363357,1
treat_2013,2013,2012,1089,2009,1.73054799363357,1
treat_2013,2013,2012,1089,2010,1.73054799363357,1
treat_2013,2013,2012,1089,2011,1.73054799363357,1
treat_2013,2013,2012,1089,2012,0.269452006366434,1
treat_2013,2013,2012,1089,2013,0.826466893459627,1
treat_2013,2013,2012,1089,2014,1.13129789519935,1
treat_2013,2013,2012,1089,2015,1.73054799363357,1
treat_2013,2013,2012,1089,2016,1.73054799363357,1
treat_2013,2013,2012,1089,2017,1.67798234195206,1
treat_2013,2013,2012,1089,2018,1.04149473407966,1
treat_2013,2013,2012,1089,2019,0.776870295879926,1
treat_2013,2013,2012,1089,2020,0.835073598564577,1
treat_2013,2013,2012,1089,2021,0.56936387807407,1
treat_2013,2013,2012,1089,2022,1.68455872656891,1
treat_2013,2013,2012,2014,2005,0,2
treat_2013,2013,2012,2014,2006,0,2
treat_2013,2013,2012,2014,2007,0,2
treat_2013,2013,2012,2014,2008,0,3
treat_2013,2013,2012,2014,2009,0.789524557332204,3
treat_2013,2013,2012,2014,2010,0.957879683960373,3
treat_2013,2013,2012,2014,2011,0.837710533467659,3
treat_2013,2013,2012,2014,2012,1.16228946653234,3
treat_2013,2013,2012,2014,2013,1.06261105462039,3
treat_2013,2013,2012,2014,2014,0.608636865928001,3
treat_2013,2013,2012,2014,2015,0.333380618273762,3
treat_2013,2013,2012,2014,2016,0.333380618273762,3
treat_2013,2013,2012,2014,2017,0.333380618273762,3
treat_2013,2013,2012,2014,2018,0.333380618273762,3
treat_2013,2013,2012,2014,2019,0,2
treat_2013,2013,2012,2014,2020,0.333380618273762,3
treat_2013,2013,2012,2014,2021,0.333380618273762,3
treat_2013,2013,2012,2014,2022,0.333380618273762,3
treat_2013,2013,2012,2015,2005,1.68856979996263,8
treat_2013,2013,2012,2015,2006,1.65553495886206,9
treat_2013,2013,2012,2015,2007,9.31658715219157,10
treat_2013,2013,2012,2015,2008,1.40072971598758,11
treat_2013,2013,2012,2015,2009,1.53749177887573,15
treat_2013,2013,2012,2015,2010,1.13199934969113,15
treat_2013,2013,2012,2015,2011,1.10395143255534,15
treat_2013,2013,2012,2015,2012,0.888623465119279,14
treat_2013,2013,2012,2015,2013,1.17378988188489,14
treat_2013,2013,2012,2015,2014,1.21347112091621,13
treat_2013,2013,2012,2015,2015,1.12660660683392,12
treat_2013,2013,2012,2015,2016,0.816967263717379,11
treat_2013,2013,2012,2015,2017,0.802999391025935,11
treat_2013,2013,2012,2015,2018,0.760157435466495,12
treat_2013,2013,2012,2015,2019,0.750694692058196,12
treat_2013,2013,2012,2015,2020,0.781741250342582,10
treat_2013,2013,2012,2015,2021,0.744891191937127,10
treat_2013,2013,2012,2015,2022,0.654813627204904,8
treat_2013,2013,2012,2016,2005,0,1
treat_2013,2013,2012,2016,2006,0,1
treat_2013,2013,2012,2016,2007,0,1
treat_2013,2013,2012,2016,2008,0,1
treat_2013,2013,2012,2016,2009,0,1
treat_2013,2013,2012,2016,2010,0,1
treat_2013,2013,2012,2016,2011,0.000950502837734079,1
treat_2013,2013,2012,2016,2012,1.99904949716227,1
treat_2013,2013,2012,2016,2013,0,1
treat_2013,2013,2012,2016,2014,0,1
treat_2013,2013,2012,2016,2015,0,1
treat_2013,2013,2012,2016,2016,0,1
treat_2013,2013,2012,2016,2017,0.000861645189019661,1
treat_2013,2013,2012,2016,2018,0.000958722767733039,1
treat_2013,2013,2012,2016,2019,0.00193811623089004,1
treat_2013,2013,2012,2016,2020,0.000784533524962138,1
treat_2013,2013,2012,2016,2021,0,1
treat_2013,2013,2012,2016,2022,0,1
treat_2013,2013,2012,2320,2009,0,3
treat_2013,2013,2012,2320,2010,0.299899057991088,4
treat_2013,2013,2012,2320,2011,0.774172110159051,5
treat_2013,2013,2012,2320,2012,1.22582788984095,5
treat_2013,2013,2012,2320,2013,1.6039947555852,5
treat_2013,2013,2012,2320,2014,5.14562464450534,5
treat_2013,2013,2012,2320,2015,8.5463333081442,5
treat_2013,2013,2012,2320,2016,0,4
treat_2013,2013,2012,2320,2017,0,4
treat_2013,2013,2012,2320,2018,0,4
treat_2013,2013,2012,2320,2019,0,4
treat_2013,2013,2012,2320,2020,0,4
treat_2013,2013,2012,2320,2021,0,5
treat_2013,2013,2012,2320,2022,0,4
treat_2013,2013,2012,2444,2005,0,3
treat_2013,2013,2012,2444,2006,0,3
treat_2013,2013,2012,2444,2007,3.57993113006684e-06,3
treat_2013,2013,2012,2444,2008,0,3
treat_2013,2013,2012,2444,2009,0.855601195857375,3
treat_2013,2013,2012,2444,2010,0.876165618966826,3
treat_2013,2013,2012,2444,2011,1.01657733680085,3
treat_2013,2013,2012,2444,2012,0.983422663199154,3
treat_2013,2013,2012,2444,2013,0.90811222277876,3
treat_2013,2013,2012,2444,2014,0.552860838240746,3
treat_2013,2013,2012,2444,2015,0.391178605097831,3
treat_2013,2013,2012,2444,2016,0.38712309362824,3
treat_2013,2013,2012,2444,2017,0.362378013399675,3
treat_2013,2013,2012,2444,2018,0.369413308371566,3
treat_2013,2013,2012,2444,2019,0.371219568079071,3
treat_2013,2013,2012,2444,2020,0.622224655226007,3
treat_2013,2013,2012,2444,2021,0.623691147876859,3
treat_2013,2013,2012,2444,2022,0.393839016138589,3
treat_2013,2013,2012,2561,2005,0.0964144381991203,1
treat_2013,2013,2012,2561,2006,0,1
treat_2013,2013,2012,2561,2007,0,1
treat_2013,2013,2012,2561,2008,0,1
treat_2013,2013,2012,2561,2009,0,1
treat_2013,2013,2012,2561,2010,0,1
treat_2013,2013,2012,2561,2011,2,1
treat_2013,2013,2012,2561,2012,0,1
treat_2013,2013,2012,2561,2013,0,1
treat_2013,2013,2012,2561,2014,0,1
treat_2013,2013,2012,2561,2015,0,1
treat_2013,2013,2012,2561,2016,0,1
treat_2013,2013,2012,2561,2017,0,1
treat_2013,2013,2012,2561,2018,0,1
treat_2013,2013,2012,2561,2019,0,1
treat_2013,2013,2012,2561,2020,0,1
treat_2013,2013,2012,2561,2021,0,1
treat_2013,2013,2012,2561,2022,0,1
treat_2013,2013,2012,2732,2005,1.02797340713122,1
treat_2013,2013,2012,2732,2006,1.02797340713122,1
treat_2013,2013,2012,2732,2007,1.02797340713122,1
treat_2013,2013,2012,2732,2008,1.02797340713122,1
treat_2013,2013,2012,2732,2009,1.02434227697694,1
treat_2013,2013,2012,2732,2010,0.991123634791333,1
treat_2013,2013,2012,2732,2011,0.997319443186709,1
treat_2013,2013,2012,2732,2012,1.00268055681329,1
treat_2013,2013,2012,2732,2013,0.999740169248185,1
treat_2013,2013,2012,2732,2014,1.00472646799063,1
treat_2013,2013,2012,2732,2015,1.02797340713122,1
treat_2013,2013,2012,2732,2016,1.02797340713122,1
treat_2013,2013,2012,2732,2017,1.02797340713122,1
treat_2013,2013,2012,2732,2018,1.02797340713122,1
treat_2013,2013,2012,2732,2019,1.02797340713122,1
treat_2013,2013,2012,2732,2020,1.02797340713122,1
treat_2013,2013,2012,2732,2021,1.02797340713122,1
treat_2013,2013,2012,2732,2022,1.02797340713122,1
treat_2013,2013,2012,3511,2005,0.250007098069765,4
treat_2013,2013,2012,3511,2006,0,6
treat_2013,2013,2012,3511,2007,0,7
treat_2013,2013,2012,3511,2008,0,3
treat_2013,2013,2012,3511,2009,4.31295381783822,5
treat_2013,2013,2012,3511,2010,1.03175246478441,8
treat_2013,2013,2012,3511,2011,0.921847199904496,8
treat_2013,2013,2012,3511,2012,1.0781528000955,8
treat_2013,2013,2012,3511,2013,0.919989285753969,6
treat_2013,2013,2012,3511,2014,0.587145985678486,6
treat_2013,2013,2012,3511,2015,1.26236567229886,6
treat_2013,2013,2012,3511,2016,0.215823170102173,6
treat_2013,2013,2012,3511,2017,1.64293237329989,5
treat_2013,2013,2012,3511,2018,3.39490012563455,7
treat_2013,2013,2012,3511,2019,3.39490012563455,7
treat_2013,2013,2012,3511,2020,17.5797173474111,7
treat_2013,2013,2012,3511,2021,0.38249456881535,6
treat_2013,2013,2012,3511,2022,3.74489364313814,6
treat_2013,2013,2012,7112,2005,0,1
treat_2013,2013,2012,7112,2006,0.613351952344943,1
treat_2013,2013,2012,7112,2007,0.657887433426139,1
treat_2013,2013,2012,7112,2008,0.750698344030891,1
treat_2013,2013,2012,7112,2009,1.00871796405421,1
treat_2013,2013,2012,7112,2010,0.976781083922802,1
treat_2013,2013,2012,7112,2011,0.993567681999209,1
treat_2013,2013,2012,7112,2012,1.00643231800079,1
treat_2013,2013,2012,7112,2013,1.00871796405421,1
treat_2013,2013,2012,7112,2014,1.00871796405421,1
treat_2013,2013,2012,7112,2015,1.00871796405421,1
treat_2013,2013,2012,7112,2016,1.0084956321271,1
treat_2013,2013,2012,7112,2017,1.00871796405421,1
treat_2013,2013,2012,7112,2018,0.147886581408866,1
treat_2013,2013,2012,7112,2019,0,1
treat_2013,2013,2012,7112,2020,0,1
treat_2013,2013,2012,7112,2021,0,1
treat_2013,2013,2012,7112,2022,0,1
treat_2017,2017,2016,1031,2005,0.776665655128864,11
treat_2017,2017,2016,1031,2006,0.376629448459811,10
treat_2017,2017,2016,1031,2007,0.392238720988604,10
treat_2017,2017,2016,1031,2008,0.397605409725268,12
treat_2017,2017,2016,1031,2009,0.61200068030472,12
treat_2017,2017,2016,1031,2010,0.937831220746781,14
treat_2017,2017,2016,1031,2011,1.06045487253103,15
treat_2017,2017,2016,1031,2012,8.73857627786851,13
treat_2017,2017,2016,1031,2013,2.95699710107302,14
treat_2017,2017,2016,1031,2014,1.0306909489315,14
treat_2017,2017,2016,1031,2015,0.939201634213276,14
treat_2017,2017,2016,1031,2016,1.05674514140094,15
treat_2017,2017,2016,1031,2017,1.11020525589417,15
treat_2017,2017,2016,1031,2018,3.53171212285796,14
treat_2017,2017,2016,1031,2019,0.907672057723179,14
treat_2017,2017,2016,1031,2020,1.11104160394263,13
treat_2017,2017,2016,1031,2021,1.07578146318527,13
treat_2017,2017,2016,1031,2022,0.386613577121882,13
treat_2017,2017,2016,1039,2005,0.990296597971416,3
treat_2017,2017,2016,1039,2006,0.994609114492736,3
treat_2017,2017,2016,1039,2007,1.04366792726615,3
treat_2017,2017,2016,1039,2008,0.788894558361937,4
treat_2017,2017,2016,1039,2009,0.785024881812472,4
treat_2017,2017,2016,1039,2010,1.03874061755631,4
treat_2017,2017,2016,1039,2011,1.04934288976398,4
treat_2017,2017,2016,1039,2012,1.03006112216203,4
treat_2017,2017,2016,1039,2013,1.0274388179328,4
treat_2017,2017,2016,1039,2014,1.00545580055785,4
treat_2017,2017,2016,1039,2015,1.00729687222108,4
treat_2017,2017,2016,1039,2016,0.992703127778918,4
treat_2017,2017,2016,1039,2017,0.995970440849753,4
treat_2017,2017,2016,1039,2018,1.0279900900361,4
treat_2017,2017,2016,1039,2019,0.953413937058312,4
treat_2017,2017,2016,1039,2020,1.05186937404518,4
treat_2017,2017,2016,1039,2021,1.05434214066292,4
treat_2017,2017,2016,1039,2022,0.863408302847873,4
treat_2017,2017,2016,1041,2008,35.0303436097805,1
treat_2017,2017,2016,1041,2009,17.5151718048902,2
treat_2017,2017,2016,1041,2010,1.39132913061198,3
treat_2017,2017,2016,1041,2011,1.01285365316032,3
treat_2017,2017,2016,1041,2012,0.986275186547807,3
treat_2017,2017,2016,1041,2013,0.926332929759308,3
treat_2017,2017,2016,1041,2014,0.792334251445808,3
treat_2017,2017,2016,1041,2015,0.594740791600462,4
treat_2017,2017,2016,1041,2016,1.40525920839954,4
treat_2017,2017,2016,1041,2017,1.23919209463964,4
treat_2017,2017,2016,1041,2018,1.02390724727803,4
treat_2017,2017,2016,1041,2019,0.718486105953813,3
treat_2017,2017,2016,1041,2020,0.800742493787149,4
treat_2017,2017,2016,1041,2021,0.862737587118799,3
treat_2017,2017,2016,1041,2022,0.862737587118799,3
treat_2017,2017,2016,1051,2005,3.51713694342896,14
treat_2017,2017,2016,1051,2006,0.865326940295839,14
treat_2017,2017,2016,1051,2007,0.820944567028026,15
treat_2017,2017,2016,1051,2008,0.602863740674938,16
treat_2017,2017,2016,1051,2009,0.57091148186265,17
treat_2017,2017,2016,1051,2010,0.560955768707388,16
treat_2017,2017,2016,1051,2011,0.483051574409871,17
treat_2017,2017,2016,1051,2012,0.558270470782998,16
treat_2017,2017,2016,1051,2013,0.545795864504412,17
treat_2017,2017,2016,1051,2014,0.561189229479723,17
treat_2017,2017,2016,1051,2015,0.975884336292018,17
treat_2017,2017,2016,1051,2016,1.02562289268973,16
treat_2017,2017,2016,1051,2017,1.80387638943723,15
treat_2017,2017,2016,1051,2018,0.679196576059908,16
treat_2017,2017,2016,1051,2019,1.78721762505709,13
treat_2017,2017,2016,1051,2020,0.612638703653596,15
treat_2017,2017,2016,1051,2021,0.556038610427719,16
treat_2017,2017,2016,1051,2022,2.01129827629654,17
treat_2017,2017,2016,1062,2005,0,5
treat_2017,2017,2016,1062,2006,0,4
treat_2017,2017,2016,1062,2007,0,6
treat_2017,2017,2016,1062,2008,0,8
treat_2017,2017,2016,1062,2009,0.829531422982675,9
treat_2017,2017,2016,1062,2010,1.33212136637645,8
treat_2017,2017,2016,1062,2011,1.2026454226792,8
treat_2017,2017,2016,1062,2012,1.01379188755312,9
treat_2017,2017,2016,1062,2013,1.20630630358895,10
treat_2017,2017,2016,1062,2014,0.984031156702875,10
treat_2017,2017,2016,1062,2015,1.2069328054558,10
treat_2017,2017,2016,1062,2016,0.793067194544205,10
treat_2017,2017,2016,1062,2017,1.04597343032808,9
treat_2017,2017,2016,1062,2018,0.970836590471917,10
treat_2017,2017,2016,1062,2019,0.987586688686221,9
treat_2017,2017,2016,1062,2020,1.20870623842118,9
treat_2017,2017,2016,1062,2021,0.925338549345495,10
treat_2017,2017,2016,1062,2022,0.998862541530185,10
treat_2017,2017,2016,1089,2005,1.15284177364488,4
treat_2017,2017,2016,1089,2006,1.11110345955105,4
treat_2017,2017,2016,1089,2007,1.58376645574981,4
treat_2017,2017,2016,1089,2008,1.58376645574981,4
treat_2017,2017,2016,1089,2009,1.58376645574981,4
treat_2017,2017,2016,1089,2010,1.58376645574981,4
treat_2017,2017,2016,1089,2011,1.58376645574981,4
treat_2017,2017,2016,1089,2012,1.58376645574981,4
treat_2017,2017,2016,1089,2013,1.58002106736288,4
treat_2017,2017,2016,1089,2014,1.2892421646002,4
treat_2017,2017,2016,1089,2015,1.31132171637377,4
treat_2017,2017,2016,1089,2016,0.688678283626232,4
treat_2017,2017,2016,1089,2017,0.790764747444223,4
treat_2017,2017,2016,1089,2018,0.777305938611778,4
treat_2017,2017,2016,1089,2019,0.742028093383167,4
treat_2017,2017,2016,1089,2020,0.866935825960225,4
treat_2017,2017,2016,1089,2021,0.732872817284257,4
treat_2017,2017,2016,1089,2022,1.59646644552693,3
treat_2017,2017,2016,1105,2005,6.61848706817678,14
treat_2017,2017,2016,1105,2006,3.71878814715238,15
treat_2017,2017,2016,1105,2007,4.21120459458401,16
treat_2017,2017,2016,1105,2008,11.1225262779357,13
treat_2017,2017,2016,1105,2009,4.35922931551674,16
treat_2017,2017,2016,1105,2010,2.3431333077731,15
treat_2017,2017,2016,1105,2011,2.49960180022666,15
treat_2017,2017,2016,1105,2012,0.821278365066711,14
treat_2017,2017,2016,1105,2013,0.986273066296363,14
treat_2017,2017,2016,1105,2014,0.788380315749395,16
treat_2017,2017,2016,1105,2015,1.1319676544894,16
treat_2017,2017,2016,1105,2016,0.859234501877973,15
treat_2017,2017,2016,1105,2017,1.38480767410516,14
treat_2017,2017,2016,1105,2018,1.27352253679287,14
treat_2017,2017,2016,1105,2019,1.1315576017841,15
treat_2017,2017,2016,1105,2020,0.813111762765496,15
treat_2017,2017,2016,1105,2021,2.6780950993267,15
treat_2017,2017,2016,1105,2022,5.94735713326757,14
treat_2017,2017,2016,1107,2005,0,6
treat_2017,2017,2016,1107,2006,0,7
treat_2017,2017,2016,1107,2007,0,7
treat_2017,2017,2016,1107,2008,0,7
treat_2017,2017,2016,1107,2009,0.204443958261521,9
treat_2017,2017,2016,1107,2010,0.79788448610977,8
treat_2017,2017,2016,1107,2011,0.783811236131389,8
treat_2017,2017,2016,1107,2012,0.726231159480923,7
treat_2017,2017,2016,1107,2013,0.920154603415324,8
treat_2017,2017,2016,1107,2014,0.979249187390083,8
treat_2017,2017,2016,1107,2015,1.0614387655568,8
treat_2017,2017,2016,1107,2016,0.945387763949508,9
treat_2017,2017,2016,1107,2017,0.910831750224582,9
treat_2017,2017,2016,1107,2018,0.748068619960732,9
treat_2017,2017,2016,1107,2019,0.7799919768117,9
treat_2017,2017,2016,1107,2020,0.835921251082195,9
treat_2017,2017,2016,1107,2021,1.08172052424034,8
treat_2017,2017,2016,1107,2022,1.2545256064481,9
treat_2017,2017,2016,1320,2005,0,1
treat_2017,2017,2016,1320,2006,0,1
treat_2017,2017,2016,1320,2007,0,1
treat_2017,2017,2016,1320,2008,0,1
treat_2017,2017,2016,1320,2009,0,1
treat_2017,2017,2016,1320,2010,0,1
treat_2017,2017,2016,1320,2011,0,1
treat_2017,2017,2016,1320,2012,0.917093961284725,1
treat_2017,2017,2016,1320,2013,0,1
treat_2017,2017,2016,1320,2014,0.899769219534355,1
treat_2017,2017,2016,1320,2015,2,1
treat_2017,2017,2016,1320,2016,0,1
treat_2017,2017,2016,1320,2017,0,1
treat_2017,2017,2016,1320,2018,1.81875261123944,1
treat_2017,2017,2016,1320,2019,0,1
treat_2017,2017,2016,1320,2020,2.02553563735902,1
treat_2017,2017,2016,1320,2021,0,1
treat_2017,2017,2016,1320,2022,0,1
treat_2017,2017,2016,1393,2005,5.23900917833723,14
treat_2017,2017,2016,1393,2006,5.02436660322494,12
treat_2017,2017,2016,1393,2007,0.312138917234083,15
treat_2017,2017,2016,1393,2008,4.98604240310459,18
treat_2017,2017,2016,1393,2009,3.26183116160057,17
treat_2017,2017,2016,1393,2010,1.5876755952845,19
treat_2017,2017,2016,1393,2011,3.46835475712317,17
treat_2017,2017,2016,1393,2012,8.44051402505388,18
treat_2017,2017,2016,1393,2013,5.52733087175494,18
treat_2017,2017,2016,1393,2014,2.94342181865584,18
treat_2017,2017,2016,1393,2015,0.884105972355014,21
treat_2017,2017,2016,1393,2016,1.12168872902724,20
treat_2017,2017,2016,1393,2017,0.914046996341712,17
treat_2017,2017,2016,1393,2018,1.11869580648156,19
treat_2017,2017,2016,1393,2019,1.51356199703837,19
treat_2017,2017,2016,1393,2020,2.00902415266186,16
treat_2017,2017,2016,1393,2021,1.83127738409161,18
treat_2017,2017,2016,1393,2022,18.3439234522819,18
treat_2017,2017,2016,1712,2005,0.219401069383666,2
treat_2017,2017,2016,1712,2006,19.0506602896414,2
treat_2017,2017,2016,1712,2007,6.72406285925569,3
treat_2017,2017,2016,1712,2008,0.113258876600381,3
treat_2017,2017,2016,1712,2009,0.534630349062899,2
treat_2017,2017,2016,1712,2010,0.0810512425923264,3
treat_2017,2017,2016,1712,2011,0.0722493486758656,2
treat_2017,2017,2016,1712,2012,8.68502534882216,4
treat_2017,2017,2016,1712,2013,1.09088622603804,4
treat_2017,2017,2016,1712,2014,1.16114661294939,4
treat_2017,2017,2016,1712,2015,1.24185926100182,4
treat_2017,2017,2016,1712,2016,0.677520985330907,3
treat_2017,2017,2016,1712,2017,0.2348697450862,2
treat_2017,2017,2016,1712,2018,1.08366946613467,2
treat_2017,2017,2016,1712,2019,1.52839175209181,2
treat_2017,2017,2016,1712,2020,1.37728497649035,2
treat_2017,2017,2016,1712,2021,2.90537220984568,2
treat_2017,2017,2016,1712,2022,2.27649804508517,3
treat_2017,2017,2016,1722,2005,0,3
treat_2017,2017,2016,1722,2006,0,4
treat_2017,2017,2016,1722,2007,0,4
treat_2017,2017,2016,1722,2008,0.00319482329158404,4
treat_2017,2017,2016,1722,2009,0.050102225323756,4
treat_2017,2017,2016,1722,2010,0.105517553985605,4
treat_2017,2017,2016,1722,2011,0.00642851044983589,4
treat_2017,2017,2016,1722,2012,0,4
treat_2017,2017,2016,1722,2013,0.777584498139181,4
treat_2017,2017,2016,1722,2014,0.992179145385024,4
treat_2017,2017,2016,1722,2015,1.04878290980695,4
treat_2017,2017,2016,1722,2016,0.95121709019305,4
treat_2017,2017,2016,1722,2017,0.843004563615836,4
treat_2017,2017,2016,1722,2018,0.874006856063632,4
treat_2017,2017,2016,1722,2019,0.936091535487434,4
treat_2017,2017,2016,1722,2020,0.938913857405215,4
treat_2017,2017,2016,1722,2021,1.01446006462308,4
treat_2017,2017,2016,1722,2022,0.526665669584878,4
treat_2017,2017,2016,1920,2005,3.94706670362733,29
treat_2017,2017,2016,1920,2006,0.310344149673914,19
treat_2017,2017,2016,1920,2007,3.53086822594172,26
treat_2017,2017,2016,1920,2008,2.18667693072029,28
treat_2017,2017,2016,1920,2009,2.79358201196109,28
treat_2017,2017,2016,1920,2010,3.24953201232409,27
treat_2017,2017,2016,1920,2011,3.06268996663941,29
treat_2017,2017,2016,1920,2012,2.76593405105664,31
treat_2017,2017,2016,1920,2013,2.67609657220547,32
treat_2017,2017,2016,1920,2014,2.45913582056101,34
treat_2017,2017,2016,1920,2015,1.11663945980142,34
treat_2017,2017,2016,1920,2016,0.886693096192902,35
treat_2017,2017,2016,1920,2017,0.808050768328237,29
treat_2017,2017,2016,1920,2018,0.786529341855126,31
treat_2017,2017,2016,1920,2019,0.787410630023808,30
treat_2017,2017,2016,1920,2020,0.767971722968215,26
treat_2017,2017,2016,1920,2021,0.710323914024842,28
treat_2017,2017,2016,1920,2022,3.27785488441956,28
treat_2017,2017,2016,2011,2005,0.640483532558978,2
treat_2017,2017,2016,2011,2006,0.570347539849703,2
treat_2017,2017,2016,2011,2007,0.557842949905921,2
treat_2017,2017,2016,2011,2008,0.573252969984012,2
treat_2017,2017,2016,2011,2009,0.602475382790437,2
treat_2017,2017,2016,2011,2010,0.572826215812433,2
treat_2017,2017,2016,2011,2011,0.578149694294709,2
treat_2017,2017,2016,2011,2012,0.562003537953071,2
treat_2017,2017,2016,2011,2013,0.557584571576332,2
treat_2017,2017,2016,2011,2014,0.561812171117858,2
treat_2017,2017,2016,2011,2015,0.581281026087215,2
treat_2017,2017,2016,2011,2016,1.41871897391278,2
treat_2017,2017,2016,2011,2017,1.39510106729062,2
treat_2017,2017,2016,2011,2018,1.49299174006211,2
treat_2017,2017,2016,2011,2019,1.53439549958385,2
treat_2017,2017,2016,2011,2020,1.45225738635655,2
treat_2017,2017,2016,2011,2021,1.63271639011695,2
treat_2017,2017,2016,2011,2022,1.58575585072681,2
treat_2017,2017,2016,2012,2005,0.580766178552131,8
treat_2017,2017,2016,2012,2006,0.539122790207643,8
treat_2017,2017,2016,2012,2007,0.785619140840289,8
treat_2017,2017,2016,2012,2008,0.895986594005064,8
treat_2017,2017,2016,2012,2009,2.13712670784074,8
treat_2017,2017,2016,2012,2010,1.66343948740601,8
treat_2017,2017,2016,2012,2011,1.4332975255167,8
treat_2017,2017,2016,2012,2012,1.38111091529998,9
treat_2017,2017,2016,2012,2013,1.32628144029346,9
treat_2017,2017,2016,2012,2014,1.16596026371586,8
treat_2017,2017,2016,2012,2015,1.28414334379413,9
treat_2017,2017,2016,2012,2016,0.715856656205866,9
treat_2017,2017,2016,2012,2017,0.725679387617493,9
treat_2017,2017,2016,2012,2018,0.553277587837941,9
treat_2017,2017,2016,2012,2019,0.605315757731244,7
treat_2017,2017,2016,2012,2020,0.939686720209303,7
treat_2017,2017,2016,2012,2021,1.14455244016865,5
treat_2017,2017,2016,2012,2022,1.98232460106617,7
treat_2017,2017,2016,2014,2005,2.22336222364831,44
treat_2017,2017,2016,2014,2006,126.673670821241,49
treat_2017,2017,2016,2014,2007,127.006748537429,49
treat_2017,2017,2016,2014,2008,124.365150720172,50
treat_2017,2017,2016,2014,2009,1.68288809200167,65
treat_2017,2017,2016,2014,2010,0.912682349524887,67
treat_2017,2017,2016,2014,2011,1.56145506491448,73
treat_2017,2017,2016,2014,2012,1.36153382841909,74
treat_2017,2017,2016,2014,2013,1.18461280728559,73
treat_2017,2017,2016,2014,2014,1.09316977883853,75
treat_2017,2017,2016,2014,2015,1.05841194548658,81
treat_2017,2017,2016,2014,2016,0.94085790519484,80
treat_2017,2017,2016,2014,2017,1.6132788329148,76
treat_2017,2017,2016,2014,2018,1.37908854585191,74
treat_2017,2017,2016,2014,2019,0.749557362187549,63
treat_2017,2017,2016,2014,2020,3.84468335148087,63
treat_2017,2017,2016,2014,2021,2.0520835019468,63
treat_2017,2017,2016,2014,2022,131.166822862027,52
treat_2017,2017,2016,2015,2005,501.601998039691,6
treat_2017,2017,2016,2015,2006,502.642667357437,6
treat_2017,2017,2016,2015,2007,602.855945497757,5
treat_2017,2017,2016,2015,2008,430.920252271612,7
treat_2017,2017,2016,2015,2009,299.802746320335,10
treat_2017,2017,2016,2015,2010,273.295790607478,11
treat_2017,2017,2016,2015,2011,251.483687959005,12
treat_2017,2017,2016,2015,2012,0.945179253145847,10
treat_2017,2017,2016,2015,2013,1.00072991559156,10
treat_2017,2017,2016,2015,2014,273.955331579494,11
treat_2017,2017,2016,2015,2015,0.892578854589313,13
treat_2017,2017,2016,2015,2016,1.11637290752824,12
treat_2017,2017,2016,2015,2017,0.933941262358355,12
treat_2017,2017,2016,2015,2018,1.10536696828076,12
treat_2017,2017,2016,2015,2019,0.964245875731419,12
treat_2017,2017,2016,2015,2020,0.846189880267814,10
treat_2017,2017,2016,2015,2021,1.0573321899678,11
treat_2017,2017,2016,2015,2022,46.2463504789693,9
treat_2017,2017,2016,2016,2005,1.32923560512537,8
treat_2017,2017,2016,2016,2006,1.01454894912144,8
treat_2017,2017,2016,2016,2007,1.51746575286917,7
treat_2017,2017,2016,2016,2008,0.763635885475366,9
treat_2017,2017,2016,2016,2009,1.57699164848636,8
treat_2017,2017,2016,2016,2010,0.566037585773286,9
treat_2017,2017,2016,2016,2011,0.650099736278628,8
treat_2017,2017,2016,2016,2012,0.816159699642038,9
treat_2017,2017,2016,2016,2013,0.848309083947081,10
treat_2017,2017,2016,2016,2014,0.527063286490055,9
treat_2017,2017,2016,2016,2015,1.05528097394848,11
treat_2017,2017,2016,2016,2016,0.944719026051517,11
treat_2017,2017,2016,2016,2017,0.547114197124356,10
treat_2017,2017,2016,2016,2018,0.384774436095681,10
treat_2017,2017,2016,2016,2019,0.374817620182495,11
treat_2017,2017,2016,2016,2020,0.385095476449402,10
treat_2017,2017,2016,2016,2021,0.454929461971197,10
treat_2017,2017,2016,2016,2022,1.05707312394687,9
treat_2017,2017,2016,2020,2005,1.88270600534114,1
treat_2017,2017,2016,2020,2006,1.88270600534114,1
treat_2017,2017,2016,2020,2008,1.88270600534114,1
treat_2017,2017,2016,2020,2009,1.88270600534114,1
treat_2017,2017,2016,2020,2010,1.88270600534114,1
treat_2017,2017,2016,2020,2011,1.88270600534114,1
treat_2017,2017,2016,2020,2012,1.88270600534114,1
treat_2017,2017,2016,2020,2013,1.88270600534114,1
treat_2017,2017,2016,2020,2014,1.29819006292331,1
treat_2017,2017,2016,2020,2015,1.32220135382718,1
treat_2017,2017,2016,2020,2016,0.677798646172819,1
treat_2017,2017,2016,2020,2017,1.02778007168086,1
treat_2017,2017,2016,2020,2018,1.05623278372338,1
treat_2017,2017,2016,2020,2019,0.808449647975615,1
treat_2017,2017,2016,2059,2005,0.177315028986654,11
treat_2017,2017,2016,2059,2006,0.303847675193579,11
treat_2017,2017,2016,2059,2007,0.244263132795728,12
treat_2017,2017,2016,2059,2008,0.186515652984528,11
treat_2017,2017,2016,2059,2009,0.171397338903845,14
treat_2017,2017,2016,2059,2010,0.724981592729264,13
treat_2017,2017,2016,2059,2011,1.10987045957905,14
treat_2017,2017,2016,2059,2012,0.842876458265674,13
treat_2017,2017,2016,2059,2013,0.513113592393736,14
treat_2017,2017,2016,2059,2014,0.705358142058988,14
treat_2017,2017,2016,2059,2015,0.823142187027746,14
treat_2017,2017,2016,2059,2016,1.17685781297225,14
treat_2017,2017,2016,2059,2017,0.790152251905103,12
treat_2017,2017,2016,2059,2018,0.474660364534052,12
treat_2017,2017,2016,2059,2019,1.98341425910473,12
treat_2017,2017,2016,2059,2020,0.566318822040683,11
treat_2017,2017,2016,2059,2021,0.839473431901437,12
treat_2017,2017,2016,2059,2022,1.63913577907904,12
treat_2017,2017,2016,2221,2009,0,2
treat_2017,2017,2016,2221,2010,0,2
treat_2017,2017,2016,2221,2011,0,3
treat_2017,2017,2016,2221,2012,0,3
treat_2017,2017,2016,2221,2013,0,2
treat_2017,2017,2016,2221,2014,0,2
treat_2017,2017,2016,2221,2015,0,2
treat_2017,2017,2016,2221,2016,1.66666666666667,3
treat_2017,2017,2016,2221,2017,2.04282626793369,2
treat_2017,2017,2016,2221,2018,1.91372766794024,2
treat_2017,2017,2016,2221,2019,1.8489147865894,2
treat_2017,2017,2016,2221,2020,3.20027369907565,3
treat_2017,2017,2016,2221,2021,1.70585611399109,3
treat_2017,2017,2016,2221,2022,1.9577678952451,3
treat_2017,2017,2016,2222,2005,126.377368240698,2
treat_2017,2017,2016,2222,2006,126.410848312066,2
treat_2017,2017,2016,2222,2007,0.129178725188279,2
treat_2017,2017,2016,2222,2008,0.213356119957568,1
treat_2017,2017,2016,2222,2009,128.565205739849,2
treat_2017,2017,2016,2222,2010,4.50272985232738,1
treat_2017,2017,2016,2222,2011,4.50272985232738,1
treat_2017,2017,2016,2222,2012,4.50272985232738,1
treat_2017,2017,2016,2222,2013,128.565205739849,2
treat_2017,2017,2016,2222,2014,1.63594938044503,2
treat_2017,2017,2016,2222,2015,2,2
treat_2017,2017,2016,2222,2016,0,2
treat_2017,2017,2016,2222,2017,0,2
treat_2017,2017,2016,2222,2018,0,1
treat_2017,2017,2016,2222,2019,0,1
treat_2017,2017,2016,2222,2020,0,1
treat_2017,2017,2016,2222,2021,0,1
treat_2017,2017,2016,2229,2005,3.40341277538483,7
treat_2017,2017,2016,2229,2006,1.70214363826868,7
treat_2017,2017,2016,2229,2007,0,3
treat_2017,2017,2016,2229,2008,1.08774934316281,5
treat_2017,2017,2016,2229,2009,1.58192221547857,6
treat_2017,2017,2016,2229,2010,1.41179046262699,7
treat_2017,2017,2016,2229,2011,1.27828278000464,7
treat_2017,2017,2016,2229,2012,5.38856109646515,6
treat_2017,2017,2016,2229,2013,2.72680565158776,6
treat_2017,2017,2016,2229,2014,2.57186877103154,7
treat_2017,2017,2016,2229,2015,0.98306188199725,7
treat_2017,2017,2016,2229,2016,1.01693811800275,7
treat_2017,2017,2016,2229,2017,0.752530004698841,7
treat_2017,2017,2016,2229,2018,0.990916008844261,6
treat_2017,2017,2016,2229,2019,0.776504410640182,6
treat_2017,2017,2016,2229,2020,1.93850320610103,5
treat_2017,2017,2016,2229,2021,2.28745664795097,5
treat_2017,2017,2016,2229,2022,2.28745664795097,5
treat_2017,2017,2016,2314,2005,1.93952478253424,2
treat_2017,2017,2016,2314,2006,1.31536168083473,2
treat_2017,2017,2016,2314,2007,1.28247902178528,2
treat_2017,2017,2016,2314,2008,1.37169863883545,2
treat_2017,2017,2016,2314,2009,1.93952478253424,2
treat_2017,2017,2016,2314,2010,1.93952478253424,2
treat_2017,2017,2016,2314,2011,1.93952478253424,2
treat_2017,2017,2016,2314,2012,1.93952478253424,2
treat_2017,2017,2016,2314,2013,1.40682361138114,2
treat_2017,2017,2016,2314,2014,1.74627474150758,2
treat_2017,2017,2016,2314,2015,1.67831931912835,2
treat_2017,2017,2016,2314,2016,0.547787120581099,3
treat_2017,2017,2016,2314,2017,0.540895294784059,3
treat_2017,2017,2016,2314,2018,0.601858641537949,3
treat_2017,2017,2016,2314,2019,1.12911079700693,3
treat_2017,2017,2016,2314,2020,1.19728484765168,3
treat_2017,2017,2016,2314,2021,1.28128172799939,3
treat_2017,2017,2016,2314,2022,1.2930165216895,3
treat_2017,2017,2016,2332,2005,0,13
treat_2017,2017,2016,2332,2006,0,14
treat_2017,2017,2016,2332,2007,0.0905251716136434,14
treat_2017,2017,2016,2332,2008,0.0792095251619379,16
treat_2017,2017,2016,2332,2009,0.30230416893315,18
treat_2017,2017,2016,2332,2010,0.639441382008782,19
treat_2017,2017,2016,2332,2011,2.57553524669913,18
treat_2017,2017,2016,2332,2012,3.71668616646216,18
treat_2017,2017,2016,2332,2013,3.69297087668924,19
treat_2017,2017,2016,2332,2014,8.17881355424309,19
treat_2017,2017,2016,2332,2015,0.705257576079215,21
treat_2017,2017,2016,2332,2016,1.29474242392078,21
treat_2017,2017,2016,2332,2017,4.17654358925467,19
treat_2017,2017,2016,2332,2018,6.21248889302927,18
treat_2017,2017,2016,2332,2019,5.48080407982441,18
treat_2017,2017,2016,2332,2020,0.88559522423008,14
treat_2017,2017,2016,2332,2021,35.649477811345,15
treat_2017,2017,2016,2332,2022,75.7557441406751,14
treat_2017,2017,2016,2351,2005,5.89976798470639,28
treat_2017,2017,2016,2351,2006,3.3366840674663,42
treat_2017,2017,2016,2351,2007,4.30147127547351,32
treat_2017,2017,2016,2351,2008,3.20767871724728,42
treat_2017,2017,2016,2351,2009,2.85785728095688,40
treat_2017,2017,2016,2351,2010,0,33
treat_2017,2017,2016,2351,2011,2.40232571338547,41
treat_2017,2017,2016,2351,2012,1.64361935194696,48
treat_2017,2017,2016,2351,2013,0.970383103988217,47
treat_2017,2017,2016,2351,2014,1.02633613040235,53
treat_2017,2017,2016,2351,2015,0.813376578299128,56
treat_2017,2017,2016,2351,2016,1.19001657482271,55
treat_2017,2017,2016,2351,2017,1.07719864541819,54
treat_2017,2017,2016,2351,2018,1.0803533073633,52
treat_2017,2017,2016,2351,2019,1.16371264404765,52
treat_2017,2017,2016,2351,2020,1.20885452581824,49
treat_2017,2017,2016,2351,2021,1.16839242743234,47
treat_2017,2017,2016,2351,2022,1.24932256275075,47
treat_2017,2017,2016,2352,2005,0.0632445624169789,18
treat_2017,2017,2016,2352,2006,11.6923505725047,29
treat_2017,2017,2016,2352,2007,4.9409259118753,31
treat_2017,2017,2016,2352,2008,15.2945181219932,32
treat_2017,2017,2016,2352,2009,20.6469593656226,34
treat_2017,2017,2016,2352,2010,11.2685509930646,34
treat_2017,2017,2016,2352,2011,2.3105248377886,36
treat_2017,2017,2016,2352,2012,2.40674475061096,36
treat_2017,2017,2016,2352,2013,1.60874017358248,36
treat_2017,2017,2016,2352,2014,1.73941597800365,36
treat_2017,2017,2016,2352,2015,1.03307971826621,35
treat_2017,2017,2016,2352,2016,0.966920281733791,35
treat_2017,2017,2016,2352,2017,1.25702651422319,35
treat_2017,2017,2016,2352,2018,1.28794103597165,35
treat_2017,2017,2016,2352,2019,1.07679165731905,34
treat_2017,2017,2016,2352,2020,1.97105353204658,35
treat_2017,2017,2016,2352,2021,1.83388848108374,35
treat_2017,2017,2016,2352,2022,2.69386267558843,31
treat_2017,2017,2016,2365,2005,0.341580773245883,11
treat_2017,2017,2016,2365,2006,0.323017622210428,12
treat_2017,2017,2016,2365,2007,0.335442936602551,11
treat_2017,2017,2016,2365,2008,0.326141904566579,12
treat_2017,2017,2016,2365,2009,0.332901891602296,14
treat_2017,2017,2016,2365,2010,2.10732685841527,14
treat_2017,2017,2016,2365,2011,2.21336248242681,17
treat_2017,2017,2016,2365,2012,1.14892985507736,17
treat_2017,2017,2016,2365,2013,1.6898288876866,16
treat_2017,2017,2016,2365,2014,1.3865997754609,17
treat_2017,2017,2016,2365,2015,0.968184566214236,17
treat_2017,2017,2016,2365,2016,1.03181543378576,17
treat_2017,2017,2016,2365,2017,1.60856827525367,17
treat_2017,2017,2016,2365,2018,1.02491763722206,14
treat_2017,2017,2016,2365,2019,2.6168405373513,15
treat_2017,2017,2016,2365,2020,2.08407257418178,12
treat_2017,2017,2016,2365,2021,2.80872219233432,12
treat_2017,2017,2016,2365,2022,5.86901602133986,9
treat_2017,2017,2016,2399,2005,0,7
treat_2017,2017,2016,2399,2006,0,8
treat_2017,2017,2016,2399,2007,0.103145244943368,11
treat_2017,2017,2016,2399,2008,1.2889865824806,10
treat_2017,2017,2016,2399,2009,0.244372611503736,15
treat_2017,2017,2016,2399,2010,0.834198970778864,17
treat_2017,2017,2016,2399,2011,1.57973826964402,15
treat_2017,2017,2016,2399,2012,1.79548776976216,15
treat_2017,2017,2016,2399,2013,19.9052455096882,16
treat_2017,2017,2016,2399,2014,1.4183257706115,17
treat_2017,2017,2016,2399,2015,1.04812365466188,21
treat_2017,2017,2016,2399,2016,0.949470162605027,20
treat_2017,2017,2016,2399,2017,2.44461411194091,19
treat_2017,2017,2016,2399,2018,5.19831212659461,19
treat_2017,2017,2016,2399,2019,1.94573237432852,19
treat_2017,2017,2016,2399,2020,1.15249258341881,18
treat_2017,2017,2016,2399,2021,1.13639690486151,17
treat_2017,2017,2016,2399,2022,72.8313648023771,17
treat_2017,2017,2016,2443,2006,0,1
treat_2017,2017,2016,2443,2007,0,1
treat_2017,2017,2016,2443,2008,0.000269439176196,2
treat_2017,2017,2016,2443,2009,0,2
treat_2017,2017,2016,2443,2010,4.9902844881003,2
treat_2017,2017,2016,2443,2011,0.589770945018117,2
treat_2017,2017,2016,2443,2012,0.26783580564917,2
treat_2017,2017,2016,2443,2013,0.729568201486799,2
treat_2017,2017,2016,2443,2014,0.606740716878308,2
treat_2017,2017,2016,2443,2015,0,2
treat_2017,2017,2016,2443,2016,2,2
treat_2017,2017,2016,2443,2017,0,2
treat_2017,2017,2016,2443,2018,0,2
treat_2017,2017,2016,2443,2019,0,1
treat_2017,2017,2016,2443,2020,0,1
treat_2017,2017,2016,2443,2021,0,1
treat_2017,2017,2016,2443,2022,0,1
treat_2017,2017,2016,2444,2005,0,4
treat_2017,2017,2016,2444,2006,0,4
treat_2017,2017,2016,2444,2007,2.54443233101527e-05,4
treat_2017,2017,2016,2444,2008,0,4
treat_2017,2017,2016,2444,2009,7.08432434514564,4
treat_2017,2017,2016,2444,2010,6.81344845160138,4
treat_2017,2017,2016,2444,2011,9.58968108914971,4
treat_2017,2017,2016,2444,2012,8.88684869866083,4
treat_2017,2017,2016,2444,2013,7.27506283022967,4
treat_2017,2017,2016,2444,2014,3.49826969695565,4
treat_2017,2017,2016,2444,2015,1.12264330464429,4
treat_2017,2017,2016,2444,2016,0.877356695355714,4
treat_2017,2017,2016,2444,2017,0.57933595921545,4
treat_2017,2017,2016,2444,2018,0.640945367618439,4
treat_2017,2017,2016,2444,2019,0.685254588493616,4
treat_2017,2017,2016,2444,2020,5.47184452049731,4
treat_2017,2017,2016,2444,2021,5.34714957845534,4
treat_2017,2017,2016,2444,2022,1.00127594108061,4
treat_2017,2017,2016,3511,2005,4.02759472450547,3
treat_2017,2017,2016,3511,2006,2.06829575413895,6
treat_2017,2017,2016,3511,2007,2.23533304735325,6
treat_2017,2017,2016,3511,2008,2.84372219819958,5
treat_2017,2017,2016,3511,2009,2.27607146342722,6
treat_2017,2017,2016,3511,2010,0.537215454041291,6
treat_2017,2017,2016,3511,2011,0.612039889649399,7
treat_2017,2017,2016,3511,2012,0.642686807055592,6
treat_2017,2017,2016,3511,2013,0.53216573812629,6
treat_2017,2017,2016,3511,2014,0.584102131172874,7
treat_2017,2017,2016,3511,2015,0.737517271001046,8
treat_2017,2017,2016,3511,2016,1.26248272899895,8
treat_2017,2017,2016,3511,2017,1.37033855370715,6
treat_2017,2017,2016,3511,2018,0.866757717868038,7
treat_2017,2017,2016,3511,2019,0.879206211460701,7
treat_2017,2017,2016,3511,2020,6.08974484996011,8
treat_2017,2017,2016,3511,2021,2.44632465715967,7
treat_2017,2017,2016,3511,2022,2.31218291200831,6
treat_2017,2017,2016,4211,2005,12.3327315131434,38
treat_2017,2017,2016,4211,2006,11.8037792369288,39
treat_2017,2017,2016,4211,2007,8.60399833944123,47
treat_2017,2017,2016,4211,2008,5.5493854758929,43
treat_2017,2017,2016,4211,2009,21.7754639938734,46
treat_2017,2017,2016,4211,2010,8.15125808975273,51
treat_2017,2017,2016,4211,2011,6.04365745718579,50
treat_2017,2017,2016,4211,2012,2.23968439977341,50
treat_2017,2017,2016,4211,2013,3.82446970049948,50
treat_2017,2017,2016,4211,2014,3.68946361460418,54
treat_2017,2017,2016,4211,2015,1.17509530367317,61
treat_2017,2017,2016,4211,2016,0.821986441265605,60
treat_2017,2017,2016,4211,2017,1.40076827631022,58
treat_2017,2017,2016,4211,2018,2.44228530381926,53
treat_2017,2017,2016,4211,2019,2.40206569890398,54
treat_2017,2017,2016,4211,2020,2.25416062203589,55
treat_2017,2017,2016,4211,2021,4.33885888086038,54
treat_2017,2017,2016,4211,2022,21.9864755475526,50
treat_2017,2017,2016,4322,2005,0,14
treat_2017,2017,2016,4322,2006,0,14
treat_2017,2017,2016,4322,2007,0,13
treat_2017,2017,2016,4322,2008,0,12
treat_2017,2017,2016,4322,2009,0,8
treat_2017,2017,2016,4322,2010,0,10
treat_2017,2017,2016,4322,2011,0,11
treat_2017,2017,2016,4322,2012,0,13
treat_2017,2017,2016,4322,2013,0,11
treat_2017,2017,2016,4322,2014,0,16
treat_2017,2017,2016,4322,2015,1.10015263201725,17
treat_2017,2017,2016,4322,2016,0.910389750300359,19
treat_2017,2017,2016,4322,2017,1.05707534579175,18
treat_2017,2017,2016,4322,2018,0.822378236013561,16
treat_2017,2017,2016,4322,2019,0.971950066518365,19
treat_2017,2017,2016,4322,2020,0.799472119810427,16
treat_2017,2017,2016,4322,2021,0.616405649716019,15
treat_2017,2017,2016,4322,2022,11.2426806984337,14
treat_2017,2017,2016,4673,2005,0,11
treat_2017,2017,2016,4673,2006,0,11
treat_2017,2017,2016,4673,2007,0,10
treat_2017,2017,2016,4673,2008,0,11
treat_2017,2017,2016,4673,2009,0,11
treat_2017,2017,2016,4673,2010,0,11
treat_2017,2017,2016,4673,2011,0,11
treat_2017,2017,2016,4673,2012,0,12
treat_2017,2017,2016,4673,2013,0,11
treat_2017,2017,2016,4673,2014,1.84382348430965,12
treat_2017,2017,2016,4673,2015,1.11236335957198,12
treat_2017,2017,2016,4673,2016,0.877421789557842,11
treat_2017,2017,2016,4673,2017,2.00756304726024,11
treat_2017,2017,2016,4673,2018,3.32218367087913,11
treat_2017,2017,2016,4673,2019,0,11
treat_2017,2017,2016,4673,2020,0,11
treat_2017,2017,2016,4673,2021,0,11
treat_2017,2017,2016,4673,2022,0,11
treat_2017,2017,2016,4676,2009,1.22976819413342,10
treat_2017,2017,2016,4676,2010,1.41571102934795,8
treat_2017,2017,2016,4676,2011,1.23086604248386,10
treat_2017,2017,2016,4676,2012,0.903189953374394,10
treat_2017,2017,2016,4676,2013,0.822460075359377,11
treat_2017,2017,2016,4676,2014,0.874246846267461,11
treat_2017,2017,2016,4676,2015,1.08732189915351,12
treat_2017,2017,2016,4676,2016,0.919395170012149,13
treat_2017,2017,2016,4676,2017,1.08192452603398,13
treat_2017,2017,2016,4676,2018,0,11
treat_2017,2017,2016,4676,2019,0,11
treat_2017,2017,2016,4676,2020,0,11
treat_2017,2017,2016,4676,2021,0,12
treat_2017,2017,2016,4676,2022,0,11
treat_2017,2017,2016,4950,2009,0.528282287690038,2
treat_2017,2017,2016,4950,2010,1.20661813563017,2
treat_2017,2017,2016,4950,2011,1.16809843509604,2
treat_2017,2017,2016,4950,2012,1.04123354127985,2
treat_2017,2017,2016,4950,2013,0.55758768009577,3
treat_2017,2017,2016,4950,2014,0.641275118954494,3
treat_2017,2017,2016,4950,2015,1.31574735533061,3
treat_2017,2017,2016,4950,2016,0.684252644669394,3
treat_2017,2017,2016,4950,2017,0.487642487953959,3
treat_2017,2017,2016,4950,2018,3.24319781271921,3
treat_2017,2017,2016,4950,2019,0.485436196613574,3
treat_2017,2017,2016,4950,2020,0.27608582220988,3
treat_2017,2017,2016,4950,2021,0.413555063854277,3
treat_2017,2017,2016,4950,2022,0.324003013019265,3
treat_2017,2017,2016,5223,2005,0,9
treat_2017,2017,2016,5223,2006,0,12
treat_2017,2017,2016,5223,2007,0,12
treat_2017,2017,2016,5223,2008,0,12
treat_2017,2017,2016,5223,2009,0,11
treat_2017,2017,2016,5223,2010,0,12
treat_2017,2017,2016,5223,2011,0,12
treat_2017,2017,2016,5223,2012,0,10
treat_2017,2017,2016,5223,2013,0,8
treat_2017,2017,2016,5223,2014,0,11
treat_2017,2017,2016,5223,2015,0.961382782374894,12
treat_2017,2017,2016,5223,2016,1.03861721762511,12
treat_2017,2017,2016,5223,2017,1.09665194413877,11
treat_2017,2017,2016,5223,2018,1.14672739678036,10
treat_2017,2017,2016,5223,2019,1.33054652475427,9
treat_2017,2017,2016,5223,2020,1.13935452114129,9
treat_2017,2017,2016,5223,2021,1.15348129925654,9
treat_2017,2017,2016,5223,2022,1.08449402036606,9
treat_2017,2017,2016,7112,2005,0,1
treat_2017,2017,2016,7112,2006,0.608118003473751,1
treat_2017,2017,2016,7112,2007,0.652273447563067,1
treat_2017,2017,2016,7112,2008,0.744292369882893,1
treat_2017,2017,2016,7112,2009,1.00011021734512,1
treat_2017,2017,2016,7112,2010,0.968445865893326,1
treat_2017,2017,2016,7112,2011,0.985089217998612,1
treat_2017,2017,2016,7112,2012,0.997844075516859,1
treat_2017,2017,2016,7112,2013,1.00011021734512,1
treat_2017,2017,2016,7112,2014,1.00011021734512,1
treat_2017,2017,2016,7112,2015,1.00011021734512,1
treat_2017,2017,2016,7112,2016,0.999889782654881,1
treat_2017,2017,2016,7112,2017,1.00011021734512,1
treat_2017,2017,2016,7112,2018,0.146624612969914,1
treat_2017,2017,2016,7112,2019,0,1
treat_2017,2017,2016,7112,2020,0,1
treat_2017,2017,2016,7112,2021,0,1
treat_2017,2017,2016,7112,2022,0,1
