cut,version,treat_year,year,supplier_role,mean_share,n_cells,ci_lo,ci_hi
Top quartile by NACE4d input share,treat_2008,2008,2005,bot,0.454123319648592,44,0.318010596013744,0.588056283592621
Top quartile by NACE4d input share,treat_2008,2008,2006,bot,0.550120899154646,55,0.439056096183742,0.655314340953845
Top quartile by NACE4d input share,treat_2008,2008,2007,bot,0.511217343760437,57,0.405376462588835,0.624940374587854
Top quartile by NACE4d input share,treat_2008,2008,2008,bot,0.47779925749593,55,0.356743257019208,0.581578677604679
Top quartile by NACE4d input share,treat_2008,2008,2009,bot,0.330113600243484,52,0.217637359091433,0.453083743028892
Top quartile by NACE4d input share,treat_2008,2008,2010,bot,0.293519419406261,46,0.181408309380734,0.410405763537299
Top quartile by NACE4d input share,treat_2008,2008,2011,bot,0.364541026301364,48,0.244058429396801,0.495438940543139
Top quartile by NACE4d input share,treat_2008,2008,2012,bot,0.319212738986661,47,0.194817020632095,0.435379056988644
Top quartile by NACE4d input share,treat_2008,2008,2013,bot,0.279272059027274,46,0.184135044633396,0.38724537056284
Top quartile by NACE4d input share,treat_2008,2008,2014,bot,0.236178799992707,46,0.13646946543456,0.349304354707984
Top quartile by NACE4d input share,treat_2008,2008,2015,bot,0.234131113497168,47,0.141195593824205,0.338958792755648
Top quartile by NACE4d input share,treat_2008,2008,2016,bot,0.209292732383895,46,0.123294654715946,0.307009795919998
Top quartile by NACE4d input share,treat_2008,2008,2017,bot,0.186260411019858,43,0.0953338049093757,0.293755189955123
Top quartile by NACE4d input share,treat_2008,2008,2018,bot,0.225550060071454,41,0.129113679375972,0.33028042352437
Top quartile by NACE4d input share,treat_2008,2008,2019,bot,0.174646881105751,41,0.0782415074495608,0.278850849959537
Top quartile by NACE4d input share,treat_2008,2008,2020,bot,0.222406354719105,40,0.123058433351345,0.326993549726117
Top quartile by NACE4d input share,treat_2008,2008,2021,bot,0.172206287964819,38,0.0785953002351803,0.267274587551937
Top quartile by NACE4d input share,treat_2008,2008,2022,bot,0.164622674233471,37,0.0758461629091093,0.270856717720805
Top quartile by NACE4d input share,treat_2008,2008,2005,top,0.432815427920737,44,0.294795435689956,0.576584115243565
Top quartile by NACE4d input share,treat_2008,2008,2006,top,0.369463576498386,55,0.255154752977468,0.483735272146868
Top quartile by NACE4d input share,treat_2008,2008,2007,top,0.447726504478518,57,0.334436547352072,0.560879372686298
Top quartile by NACE4d input share,treat_2008,2008,2008,top,0.452104764227107,55,0.32380923119487,0.569351126147315
Top quartile by NACE4d input share,treat_2008,2008,2009,top,0.395239496844385,52,0.267062262826016,0.51118003207159
Top quartile by NACE4d input share,treat_2008,2008,2010,top,0.407395587701621,46,0.279300110867156,0.543418686464762
Top quartile by NACE4d input share,treat_2008,2008,2011,top,0.381582317030642,48,0.248671557775667,0.514704610815905
Top quartile by NACE4d input share,treat_2008,2008,2012,top,0.394419058340485,47,0.264561376688262,0.522518455908269
Top quartile by NACE4d input share,treat_2008,2008,2013,top,0.391344687288227,46,0.279307654893529,0.521464293264157
Top quartile by NACE4d input share,treat_2008,2008,2014,top,0.426359473369683,46,0.294984730432541,0.545745619016511
Top quartile by NACE4d input share,treat_2008,2008,2015,top,0.425901249028952,47,0.307532757833704,0.561267220819742
Top quartile by NACE4d input share,treat_2008,2008,2016,top,0.451443889140421,46,0.3150304148094,0.58575674646848
Top quartile by NACE4d input share,treat_2008,2008,2017,top,0.415674708081439,43,0.288732549287056,0.561300858209044
Top quartile by NACE4d input share,treat_2008,2008,2018,top,0.463972175287136,41,0.309414463672776,0.606707693746456
Top quartile by NACE4d input share,treat_2008,2008,2019,top,0.47528926504787,41,0.335819717915377,0.624975412294975
Top quartile by NACE4d input share,treat_2008,2008,2020,top,0.425346756805749,40,0.287805541077455,0.55821319977129
Top quartile by NACE4d input share,treat_2008,2008,2021,top,0.444220523461545,38,0.296065096850288,0.596772227560171
Top quartile by NACE4d input share,treat_2008,2008,2022,top,0.430710759510392,37,0.282476185805204,0.575885364481695
Top quartile by NACE4d input share,treat_2013,2013,2005,bot,0.205982918826812,13,0.0452220896944814,0.414015782015827
Top quartile by NACE4d input share,treat_2013,2013,2006,bot,0.24992892142007,12,0.038386706312289,0.489673492173965
Top quartile by NACE4d input share,treat_2013,2013,2007,bot,0.262077961241206,12,0.0436121082452001,0.504525778528089
Top quartile by NACE4d input share,treat_2013,2013,2008,bot,0.212022465540709,15,0.0219544285868052,0.412022465540709
Top quartile by NACE4d input share,treat_2013,2013,2009,bot,0.2330438266722,15,0.0543657922606651,0.42569104044257
Top quartile by NACE4d input share,treat_2013,2013,2010,bot,0.213835843715296,15,0.0559663814948179,0.381557717194822
Top quartile by NACE4d input share,treat_2013,2013,2011,bot,0.245045969292037,15,0.0796902047451946,0.459536852710293
Top quartile by NACE4d input share,treat_2013,2013,2012,bot,0.357053144478523,14,0.14982842879608,0.588113936809031
Top quartile by NACE4d input share,treat_2013,2013,2013,bot,0.336979562842111,15,0.145547375555693,0.555555487156275
Top quartile by NACE4d input share,treat_2013,2013,2014,bot,0.323697723337098,15,0.136802027796749,0.521679921571991
Top quartile by NACE4d input share,treat_2013,2013,2015,bot,0.400311473424907,14,0.180069102584434,0.633901277832787
Top quartile by NACE4d input share,treat_2013,2013,2016,bot,0.454551325336869,14,0.217231124717705,0.686761000500747
Top quartile by NACE4d input share,treat_2013,2013,2017,bot,0.390968684541751,14,0.155696648697956,0.619718697782495
Top quartile by NACE4d input share,treat_2013,2013,2018,bot,0.452517020595389,14,0.230970890032525,0.681225905349131
Top quartile by NACE4d input share,treat_2013,2013,2019,bot,0.513909407848248,13,0.257532015156637,0.749645318960702
Top quartile by NACE4d input share,treat_2013,2013,2020,bot,0.392300299925581,13,0.172934508354445,0.621601915540597
Top quartile by NACE4d input share,treat_2013,2013,2021,bot,0.50114815599065,13,0.27668123983203,0.750249025234352
Top quartile by NACE4d input share,treat_2013,2013,2022,bot,0.492135946717261,13,0.270208877886526,0.721012322865833
Top quartile by NACE4d input share,treat_2013,2013,2005,top,0.586201373445329,13,0.311196110300834,0.835731002651808
Top quartile by NACE4d input share,treat_2013,2013,2006,top,0.500858861307088,12,0.249312030245397,0.751445055893725
Top quartile by NACE4d input share,treat_2013,2013,2007,top,0.50003628183039,12,0.250035460670141,0.827037200581405
Top quartile by NACE4d input share,treat_2013,2013,2008,top,0.528925761861786,15,0.266666666666667,0.786815743620132
Top quartile by NACE4d input share,treat_2013,2013,2009,top,0.691985566015436,15,0.461821800738917,0.886881914537826
Top quartile by NACE4d input share,treat_2013,2013,2010,top,0.685934962312203,15,0.458235744139678,0.880819712488319
Top quartile by NACE4d input share,treat_2013,2013,2011,top,0.682234668447597,15,0.456517089867122,0.883437533322426
Top quartile by NACE4d input share,treat_2013,2013,2012,top,0.552259027753734,14,0.288804785989951,0.791328907003046
Top quartile by NACE4d input share,treat_2013,2013,2013,top,0.589121634819359,15,0.363006338741827,0.798912333365374
Top quartile by NACE4d input share,treat_2013,2013,2014,top,0.606585596640012,15,0.361697826004975,0.810629846756622
Top quartile by NACE4d input share,treat_2013,2013,2015,top,0.538082552553458,14,0.297149561829711,0.780031201709307
Top quartile by NACE4d input share,treat_2013,2013,2016,top,0.518789447034505,14,0.281788320041653,0.762840163803644
Top quartile by NACE4d input share,treat_2013,2013,2017,top,0.525910302526299,14,0.282979608847683,0.764340889429916
Top quartile by NACE4d input share,treat_2013,2013,2018,top,0.527404409744683,14,0.298570134669157,0.765113561174513
Top quartile by NACE4d input share,treat_2013,2013,2019,top,0.462665843202474,13,0.23514326554141,0.69266939281668
Top quartile by NACE4d input share,treat_2013,2013,2020,top,0.568662043165476,13,0.3509340335905,0.783122451134381
Top quartile by NACE4d input share,treat_2013,2013,2021,top,0.494295712558184,13,0.256019043631137,0.736128569738634
Top quartile by NACE4d input share,treat_2013,2013,2022,top,0.471476845309416,13,0.259352724861787,0.698370053161365
Top quartile by NACE4d input share,treat_2017,2017,2005,bot,0.229965389287757,88,0.149393554802765,0.315351780911361
Top quartile by NACE4d input share,treat_2017,2017,2006,bot,0.270838697831104,93,0.189612103309368,0.357945947230545
Top quartile by NACE4d input share,treat_2017,2017,2007,bot,0.238034281553652,102,0.170153445581124,0.316154355145782
Top quartile by NACE4d input share,treat_2017,2017,2008,bot,0.254819591546565,114,0.188384491331499,0.328913604886623
Top quartile by NACE4d input share,treat_2017,2017,2009,bot,0.248865647498635,127,0.182911567692547,0.319655776950272
Top quartile by NACE4d input share,treat_2017,2017,2010,bot,0.275303425278913,122,0.206803443734934,0.349458618057113
Top quartile by NACE4d input share,treat_2017,2017,2011,bot,0.272749726125429,130,0.210412208448071,0.342051274314356
Top quartile by NACE4d input share,treat_2017,2017,2012,bot,0.284648607110239,129,0.222816463719524,0.34968464494128
Top quartile by NACE4d input share,treat_2017,2017,2013,bot,0.34482513465161,130,0.274217555755848,0.416035281474791
Top quartile by NACE4d input share,treat_2017,2017,2014,bot,0.387079137033194,138,0.325424031213472,0.453292115821046
Top quartile by NACE4d input share,treat_2017,2017,2015,bot,0.361755583060137,144,0.301412544665999,0.424728422555881
Top quartile by NACE4d input share,treat_2017,2017,2016,bot,0.323540217527419,142,0.265507637946743,0.389411005260566
Top quartile by NACE4d input share,treat_2017,2017,2017,bot,0.343179647250413,138,0.281313240668176,0.402457003239739
Top quartile by NACE4d input share,treat_2017,2017,2018,bot,0.365559617632774,129,0.305652618115917,0.432371861218813
Top quartile by NACE4d input share,treat_2017,2017,2019,bot,0.384910984174554,125,0.314955882426951,0.454657705611347
Top quartile by NACE4d input share,treat_2017,2017,2020,bot,0.379633171619751,119,0.307692979628328,0.458756096649424
Top quartile by NACE4d input share,treat_2017,2017,2021,bot,0.383527681275898,120,0.310639891317234,0.450121197828408
Top quartile by NACE4d input share,treat_2017,2017,2022,bot,0.359697631676143,110,0.285420244373124,0.432120215646761
Top quartile by NACE4d input share,treat_2017,2017,2005,top,0.395206926499627,88,0.308874831099842,0.493017837566654
Top quartile by NACE4d input share,treat_2017,2017,2006,top,0.291701370640552,93,0.209964916169675,0.376327414548235
Top quartile by NACE4d input share,treat_2017,2017,2007,top,0.365351594443461,102,0.282779062357836,0.449198674560047
Top quartile by NACE4d input share,treat_2017,2017,2008,top,0.388919987604316,114,0.312233731769476,0.470509009394808
Top quartile by NACE4d input share,treat_2017,2017,2009,top,0.448602409041142,127,0.366002742633892,0.526299020290014
Top quartile by NACE4d input share,treat_2017,2017,2010,top,0.369828652334305,122,0.298148691778332,0.451991519622801
Top quartile by NACE4d input share,treat_2017,2017,2011,top,0.443222960459488,130,0.365514110122706,0.525900676937885
Top quartile by NACE4d input share,treat_2017,2017,2012,top,0.443314793449235,129,0.370589363517986,0.515621925363976
Top quartile by NACE4d input share,treat_2017,2017,2013,top,0.425206708783855,130,0.346648140534867,0.502597270205125
Top quartile by NACE4d input share,treat_2017,2017,2014,top,0.408734614812078,138,0.346271282921425,0.473723889175286
Top quartile by NACE4d input share,treat_2017,2017,2015,top,0.454852889990633,144,0.385874989751154,0.519502937300917
Top quartile by NACE4d input share,treat_2017,2017,2016,top,0.486513705861781,142,0.419557733178217,0.559460503780313
Top quartile by NACE4d input share,treat_2017,2017,2017,top,0.448902702868684,138,0.382875732532171,0.518873914209071
Top quartile by NACE4d input share,treat_2017,2017,2018,top,0.421133329294332,129,0.349983096025488,0.49784219354467
Top quartile by NACE4d input share,treat_2017,2017,2019,top,0.395544443910586,125,0.326448046590586,0.467123812225826
Top quartile by NACE4d input share,treat_2017,2017,2020,top,0.373479908546883,119,0.304908273235115,0.449412841030484
Top quartile by NACE4d input share,treat_2017,2017,2021,top,0.384407073696921,120,0.313088435419338,0.462113335289268
Top quartile by NACE4d input share,treat_2017,2017,2022,top,0.377545444579136,110,0.300237591171024,0.454427697452481
Top quartile by omega gap,treat_2008,2008,2005,bot,0.0960492849935653,53,0.0369320856533521,0.166930580900501
Top quartile by omega gap,treat_2008,2008,2006,bot,0.429936052217321,66,0.333232639861312,0.530596992294638
Top quartile by omega gap,treat_2008,2008,2007,bot,0.322655969430121,68,0.238369829533432,0.418449158653198
Top quartile by omega gap,treat_2008,2008,2008,bot,0.047264571543308,61,0.0184607332529821,0.0783394876705106
Top quartile by omega gap,treat_2008,2008,2009,bot,0.045940342101401,55,0.00888169824391458,0.0914526197954455
Top quartile by omega gap,treat_2008,2008,2010,bot,0.0347683363951394,51,0.00863064263517274,0.0661926272240533
Top quartile by omega gap,treat_2008,2008,2011,bot,0.0750125631528535,49,0.0215915175374424,0.136271522140082
Top quartile by omega gap,treat_2008,2008,2012,bot,0.0325022187424916,45,0.00739005522522949,0.0638180796586559
Top quartile by omega gap,treat_2008,2008,2013,bot,0.0240959268569914,44,0.000992929746025684,0.0575875341739261
Top quartile by omega gap,treat_2008,2008,2014,bot,0.0449591694854947,43,0.00449514118900572,0.0919584141703798
Top quartile by omega gap,treat_2008,2008,2015,bot,0.0409219936564449,43,0.0034097161674343,0.0939501451759774
Top quartile by omega gap,treat_2008,2008,2016,bot,0.026216674818905,52,0.000355830205293548,0.0659386134632156
Top quartile by omega gap,treat_2008,2008,2017,bot,0.0200832531555443,51,0.000340056654100232,0.0527514698656024
Top quartile by omega gap,treat_2008,2008,2018,bot,0.0187318717216127,51,0.000223304999847553,0.0491113644261267
Top quartile by omega gap,treat_2008,2008,2019,bot,0.0264965929682465,53,0.00342813176109988,0.0587815942826564
Top quartile by omega gap,treat_2008,2008,2020,bot,0.0595146856745971,50,0.00876006747058024,0.130605399358059
Top quartile by omega gap,treat_2008,2008,2021,bot,0.0425826164500515,48,0.0067272247497642,0.0932486759367654
Top quartile by omega gap,treat_2008,2008,2022,bot,0.0272088820454464,46,0.0018517993445549,0.0710080111094882
Top quartile by omega gap,treat_2008,2008,2005,top,0.793299003308609,53,0.681023123643136,0.888097181265852
Top quartile by omega gap,treat_2008,2008,2006,top,0.510139508166395,66,0.397806421199675,0.619346222064345
Top quartile by omega gap,treat_2008,2008,2007,top,0.611810997237687,68,0.501108210013092,0.710107971207109
Top quartile by omega gap,treat_2008,2008,2008,top,0.830837807466752,61,0.733781225271918,0.91964555169199
Top quartile by omega gap,treat_2008,2008,2009,top,0.836363636363636,55,0.727272727272727,0.927272727272727
Top quartile by omega gap,treat_2008,2008,2010,top,0.822610634440775,51,0.705882352941177,0.920649850127049
Top quartile by omega gap,treat_2008,2008,2011,top,0.833476599506339,49,0.714285714285714,0.926875901734988
Top quartile by omega gap,treat_2008,2008,2012,top,0.797417138124222,45,0.664343852359414,0.908442596756213
Top quartile by omega gap,treat_2008,2008,2013,top,0.794667192522535,44,0.659090909090909,0.908299494689496
Top quartile by omega gap,treat_2008,2008,2014,top,0.779859361195008,43,0.651087929081296,0.896461904890265
Top quartile by omega gap,treat_2008,2008,2015,top,0.78494567080504,43,0.650534413893413,0.898728313196759
Top quartile by omega gap,treat_2008,2008,2016,top,0.842733453602461,52,0.746103359161011,0.936457674451619
Top quartile by omega gap,treat_2008,2008,2017,top,0.838079053986615,51,0.735364710362461,0.920618792879287
Top quartile by omega gap,treat_2008,2008,2018,top,0.839021541634928,51,0.738995342433581,0.931003477694125
Top quartile by omega gap,treat_2008,2008,2019,top,0.846596731455444,53,0.735849056603774,0.939933595052742
Top quartile by omega gap,treat_2008,2008,2020,top,0.808520128387745,50,0.6999555105781,0.908520128387745
Top quartile by omega gap,treat_2008,2008,2021,top,0.830197668524351,48,0.726527555225227,0.932562076343743
Top quartile by omega gap,treat_2008,2008,2022,top,0.797101504898264,46,0.681841836205038,0.906419281677845
Top quartile by omega gap,treat_2013,2013,2005,bot,0.428142059106035,7,0.142427773391749,0.714285714285714
Top quartile by omega gap,treat_2013,2013,2006,bot,0.288001702383647,8,0.057332027031368,0.586337241143688
Top quartile by omega gap,treat_2013,2013,2007,bot,0.294947438577467,9,0.0852913416845899,0.584810577812299
Top quartile by omega gap,treat_2013,2013,2008,bot,0.5,6,0.166666666666667,0.833333333333333
Top quartile by omega gap,treat_2013,2013,2009,bot,0.627687916992417,11,0.354960644265145,0.90041518971969
Top quartile by omega gap,treat_2013,2013,2010,bot,0.600193206528785,15,0.381509822664433,0.821344052046919
Top quartile by omega gap,treat_2013,2013,2011,bot,0.589496853750019,16,0.377943636223889,0.79819702427886
Top quartile by omega gap,treat_2013,2013,2012,bot,0.589676873489208,16,0.37968570966233,0.788741742252064
Top quartile by omega gap,treat_2013,2013,2013,bot,0.570509757230222,14,0.341654084650256,0.773409205807371
Top quartile by omega gap,treat_2013,2013,2014,bot,0.550441236731858,14,0.342548268665646,0.759602060852343
Top quartile by omega gap,treat_2013,2013,2015,bot,0.552635024614376,14,0.331831551018902,0.773888785840345
Top quartile by omega gap,treat_2013,2013,2016,bot,0.686621503787059,13,0.461433107571817,0.91140541109223
Top quartile by omega gap,treat_2013,2013,2017,bot,0.634861668100807,12,0.431079263473603,0.834822454636491
Top quartile by omega gap,treat_2013,2013,2018,bot,0.517415077498376,14,0.294414168929257,0.727386160069757
Top quartile by omega gap,treat_2013,2013,2019,bot,0.575705771256677,14,0.350563141584116,0.772029816912977
Top quartile by omega gap,treat_2013,2013,2020,bot,0.50347790656374,14,0.289153119622083,0.70938859965158
Top quartile by omega gap,treat_2013,2013,2021,bot,0.602876894160411,14,0.395977610242906,0.821746784243336
Top quartile by omega gap,treat_2013,2013,2022,bot,0.578577827622736,13,0.347085399840163,0.788050805982517
Top quartile by omega gap,treat_2013,2013,2005,top,0.424671583776492,7,0.135483365610652,0.841543477963113
Top quartile by omega gap,treat_2013,2013,2006,top,0.200849796032064,8,0,0.477705965277678
Top quartile by omega gap,treat_2013,2013,2007,top,0.18357795151536,9,0,0.439743285960206
Top quartile by omega gap,treat_2013,2013,2008,top,0.448272363892332,6,0.124035057499076,0.806176158936511
Top quartile by omega gap,treat_2013,2013,2009,top,0.370802473421577,11,0.09958481028031,0.643529746148849
Top quartile by omega gap,treat_2013,2013,2010,top,0.394900229227183,15,0.172541934166653,0.625078605600024
Top quartile by omega gap,treat_2013,2013,2011,top,0.407335984537061,16,0.214516362957947,0.61585666447216
Top quartile by omega gap,treat_2013,2013,2012,top,0.399842877293413,16,0.199634269345316,0.607346242703685
Top quartile by omega gap,treat_2013,2013,2013,top,0.422875811197568,14,0.215917577557516,0.639828731282786
Top quartile by omega gap,treat_2013,2013,2014,top,0.445416516449208,14,0.229071989808642,0.673321853585231
Top quartile by omega gap,treat_2013,2013,2015,top,0.440651961449112,14,0.231684355876875,0.67564522674437
Top quartile by omega gap,treat_2013,2013,2016,top,0.253033936788489,13,0.0769061222771393,0.48380316755772
Top quartile by omega gap,treat_2013,2013,2017,top,0.287891185001698,12,0.083089653520716,0.533073410715875
Top quartile by omega gap,treat_2013,2013,2018,top,0.316389869329409,14,0.114416388743878,0.540425615190762
Top quartile by omega gap,treat_2013,2013,2019,top,0.27810814097927,14,0.0714285714285714,0.516236326151696
Top quartile by omega gap,treat_2013,2013,2020,top,0.317991354271145,14,0.127424932621943,0.560413114608524
Top quartile by omega gap,treat_2013,2013,2021,top,0.171379112046322,14,0.0100428166718495,0.380643417996111
Top quartile by omega gap,treat_2013,2013,2022,top,0.232932513091133,13,0.00841502210475252,0.461657515129889
Top quartile by omega gap,treat_2017,2017,2005,bot,0.264196950179327,84,0.172479525037195,0.351426406229623
Top quartile by omega gap,treat_2017,2017,2006,bot,0.218802680867617,101,0.148148159728354,0.299305123197023
Top quartile by omega gap,treat_2017,2017,2007,bot,0.238841381540951,102,0.167252921007712,0.311503526206933
Top quartile by omega gap,treat_2017,2017,2008,bot,0.263938345543167,110,0.186550794466386,0.345723965614158
Top quartile by omega gap,treat_2017,2017,2009,bot,0.373166178684486,124,0.296476116417933,0.458533164595432
Top quartile by omega gap,treat_2017,2017,2010,bot,0.363812722932491,129,0.294008530190466,0.44355699329025
Top quartile by omega gap,treat_2017,2017,2011,bot,0.40400620452665,130,0.329787344279993,0.478376386099384
Top quartile by omega gap,treat_2017,2017,2012,bot,0.383801181150631,132,0.311136603634347,0.450332685799283
Top quartile by omega gap,treat_2017,2017,2013,bot,0.394037003745559,133,0.326859093640353,0.463500872098838
Top quartile by omega gap,treat_2017,2017,2014,bot,0.433051976446904,136,0.362418531032132,0.499433233374289
Top quartile by omega gap,treat_2017,2017,2015,bot,0.428700117547921,147,0.356948741151094,0.495520636443774
Top quartile by omega gap,treat_2017,2017,2016,bot,0.391028696029532,145,0.32317939002184,0.454768165438911
Top quartile by omega gap,treat_2017,2017,2017,bot,0.37657540082661,138,0.313260477081299,0.44385948714677
Top quartile by omega gap,treat_2017,2017,2018,bot,0.363254150883622,135,0.296548769355454,0.428434504500037
Top quartile by omega gap,treat_2017,2017,2019,bot,0.36887483038465,135,0.295605026944791,0.436125453369882
Top quartile by omega gap,treat_2017,2017,2020,bot,0.36113907564138,126,0.288643410356995,0.42807253554564
Top quartile by omega gap,treat_2017,2017,2021,bot,0.364266988773535,125,0.290915538388857,0.434975213058643
Top quartile by omega gap,treat_2017,2017,2022,bot,0.329783752521177,115,0.257884014926566,0.40502470974358
Top quartile by omega gap,treat_2017,2017,2005,top,0.286389316798422,84,0.197696529888242,0.375450490372426
Top quartile by omega gap,treat_2017,2017,2006,top,0.394331662153332,101,0.311308721630937,0.479675343119458
Top quartile by omega gap,treat_2017,2017,2007,top,0.368677502546742,102,0.287658440486773,0.45049214137035
Top quartile by omega gap,treat_2017,2017,2008,top,0.392349565334741,110,0.308401341620499,0.474045543053895
Top quartile by omega gap,treat_2017,2017,2009,top,0.340981982312343,124,0.268380629539055,0.41200734266883
Top quartile by omega gap,treat_2017,2017,2010,top,0.320480218512587,129,0.256968993433796,0.391662391691938
Top quartile by omega gap,treat_2017,2017,2011,top,0.349140633016488,130,0.278732523116283,0.416185492221733
Top quartile by omega gap,treat_2017,2017,2012,top,0.3501753782984,132,0.281021294591399,0.416203280866657
Top quartile by omega gap,treat_2017,2017,2013,top,0.350847876221622,133,0.2870655580582,0.423951119337445
Top quartile by omega gap,treat_2017,2017,2014,top,0.341800027413216,136,0.277852761986358,0.411092694320947
Top quartile by omega gap,treat_2017,2017,2015,top,0.365421960839565,147,0.303792720204854,0.432076586696203
Top quartile by omega gap,treat_2017,2017,2016,top,0.393645646140382,145,0.327529270696889,0.456459395674951
Top quartile by omega gap,treat_2017,2017,2017,top,0.40056479137465,138,0.335831642729631,0.470572010947448
Top quartile by omega gap,treat_2017,2017,2018,top,0.369497591855203,135,0.303445939968474,0.438427699678037
Top quartile by omega gap,treat_2017,2017,2019,top,0.376336399592021,135,0.309581061595847,0.440124451863482
Top quartile by omega gap,treat_2017,2017,2020,top,0.364082271941154,126,0.29551586897239,0.430321552686784
Top quartile by omega gap,treat_2017,2017,2021,top,0.367171358099255,125,0.289949422423712,0.444317970672446
Top quartile by omega gap,treat_2017,2017,2022,top,0.367299951861103,115,0.298563457592503,0.4444408782227
