version,treat_year,base_year,year,group,mean_R,n_cells,ci_lo,ci_hi,universe
treat_2008,2008,2007,2005,Placebo (no EUTL supplier),0.544937869210116,1004217,0.544263868708424,0.545676115828386,anyNACE4d
treat_2008,2008,2007,2006,Placebo (no EUTL supplier),0.531632289885151,1208717,0.530980130779295,0.532280135296732,anyNACE4d
treat_2008,2008,2007,2007,Placebo (no EUTL supplier),6.54215434580752e-19,1216940,6.36970549275825e-19,6.71284700765392e-19,anyNACE4d
treat_2008,2008,2007,2008,Placebo (no EUTL supplier),0.41403959245286,1057809,0.413413541820647,0.414655616699559,anyNACE4d
treat_2008,2008,2007,2009,Placebo (no EUTL supplier),0.599092573052924,869097,0.598300291535702,0.599795576287676,anyNACE4d
treat_2008,2008,2007,2010,Placebo (no EUTL supplier),0.635155151319785,817320,0.634323614141653,0.635929506846573,anyNACE4d
treat_2008,2008,2007,2011,Placebo (no EUTL supplier),0.673720326920673,773762,0.672953966852972,0.674534137145081,anyNACE4d
treat_2008,2008,2007,2012,Placebo (no EUTL supplier),0.69826286642249,737009,0.697476663648749,0.699059886233908,anyNACE4d
treat_2008,2008,2007,2013,Placebo (no EUTL supplier),0.719819609895635,697006,0.71898875575874,0.720588941819891,anyNACE4d
treat_2008,2008,2007,2014,Placebo (no EUTL supplier),0.745028337920768,665715,0.744227016976932,0.745797000599873,anyNACE4d
treat_2008,2008,2007,2015,Placebo (no EUTL supplier),0.763071888837373,635110,0.762271396923788,0.76385167682924,anyNACE4d
treat_2008,2008,2007,2016,Placebo (no EUTL supplier),0.779148586696754,606076,0.778371349425962,0.77985801257793,anyNACE4d
treat_2008,2008,2007,2017,Placebo (no EUTL supplier),0.795630520357703,577127,0.79485331485169,0.796391547614372,anyNACE4d
treat_2008,2008,2007,2018,Placebo (no EUTL supplier),0.806922768589204,556907,0.806102400542203,0.807665355703637,anyNACE4d
treat_2008,2008,2007,2019,Placebo (no EUTL supplier),0.820051623153209,533538,0.819261441134521,0.820805306732391,anyNACE4d
treat_2008,2008,2007,2020,Placebo (no EUTL supplier),0.830217446536768,487657,0.829439379595625,0.831047451554059,anyNACE4d
treat_2008,2008,2007,2021,Placebo (no EUTL supplier),0.839923348868393,470053,0.83912418751374,0.840729576609318,anyNACE4d
treat_2008,2008,2007,2022,Placebo (no EUTL supplier),0.849082298422615,456261,0.848256622068896,0.849889473974942,anyNACE4d
treat_2008,2008,2007,2005,Treated (>=1 omega>0 supplier),0.35397055568489,4011,0.343618419327175,0.363992967391457,anyNACE4d
treat_2008,2008,2007,2006,Treated (>=1 omega>0 supplier),0.297774503045588,4336,0.288360808305627,0.307229693561118,anyNACE4d
treat_2008,2008,2007,2007,Treated (>=1 omega>0 supplier),7.41170987894327e-19,4344,4.85594785172145e-19,1.04786243116094e-18,anyNACE4d
treat_2008,2008,2007,2008,Treated (>=1 omega>0 supplier),0.234327749475514,4091,0.226275660544525,0.242097938986976,anyNACE4d
treat_2008,2008,2007,2009,Treated (>=1 omega>0 supplier),0.338582010766707,3830,0.32879523723747,0.3487838703053,anyNACE4d
treat_2008,2008,2007,2010,Treated (>=1 omega>0 supplier),0.38137109002754,3597,0.370200843231515,0.392794371290833,anyNACE4d
treat_2008,2008,2007,2011,Treated (>=1 omega>0 supplier),0.40865034868283,3399,0.397443651617733,0.420477671462097,anyNACE4d
treat_2008,2008,2007,2012,Treated (>=1 omega>0 supplier),0.42506344760166,3297,0.411878415097937,0.437304883346258,anyNACE4d
treat_2008,2008,2007,2013,Treated (>=1 omega>0 supplier),0.447677263792434,3185,0.435352757649365,0.459666529324801,anyNACE4d
treat_2008,2008,2007,2014,Treated (>=1 omega>0 supplier),0.468084070034409,3081,0.456449744550209,0.480122492272167,anyNACE4d
treat_2008,2008,2007,2015,Treated (>=1 omega>0 supplier),0.490419168400363,2893,0.477619647975951,0.502402845872328,anyNACE4d
treat_2008,2008,2007,2016,Treated (>=1 omega>0 supplier),0.506027712756966,2749,0.492087885012369,0.519242393532213,anyNACE4d
treat_2008,2008,2007,2017,Treated (>=1 omega>0 supplier),0.517808518661899,2652,0.5042335669236,0.529969717943147,anyNACE4d
treat_2008,2008,2007,2018,Treated (>=1 omega>0 supplier),0.523840497533484,2530,0.509466215946362,0.537777255334291,anyNACE4d
treat_2008,2008,2007,2019,Treated (>=1 omega>0 supplier),0.544697919798593,2437,0.530858864178484,0.559948711096089,anyNACE4d
treat_2008,2008,2007,2020,Treated (>=1 omega>0 supplier),0.556430286208716,2282,0.541986014034407,0.570876580021546,anyNACE4d
treat_2008,2008,2007,2021,Treated (>=1 omega>0 supplier),0.56119154245605,2170,0.546461455435817,0.576528013508469,anyNACE4d
treat_2008,2008,2007,2022,Treated (>=1 omega>0 supplier),0.576853385291988,2105,0.562456881523051,0.591978369897443,anyNACE4d
treat_2013,2013,2012,2005,Placebo (no EUTL supplier),0.763122096386568,653326,0.762284158966408,0.763899257626412,anyNACE4d
treat_2013,2013,2012,2006,Placebo (no EUTL supplier),0.74084729288499,711676,0.740102016914301,0.741617771242491,anyNACE4d
treat_2013,2013,2012,2007,Placebo (no EUTL supplier),0.718101569333841,761463,0.717330004346139,0.718887813538387,anyNACE4d
treat_2013,2013,2012,2008,Placebo (no EUTL supplier),0.69412054660035,816620,0.693390228128168,0.694850591134429,anyNACE4d
treat_2013,2013,2012,2009,Placebo (no EUTL supplier),0.559885311024248,963953,0.559148633976843,0.560611644291303,anyNACE4d
treat_2013,2013,2012,2010,Placebo (no EUTL supplier),0.518094797500564,1036822,0.51742183924835,0.518743976951942,anyNACE4d
treat_2013,2013,2012,2011,Placebo (no EUTL supplier),0.500701478493355,1218006,0.500076635441395,0.501310575085388,anyNACE4d
treat_2013,2013,2012,2012,Placebo (no EUTL supplier),6.5355378802629e-19,1224967,6.38143930474055e-19,6.68873012685997e-19,anyNACE4d
treat_2013,2013,2012,2013,Placebo (no EUTL supplier),0.37659954238842,1049807,0.375977552399733,0.377237937016645,anyNACE4d
treat_2013,2013,2012,2014,Placebo (no EUTL supplier),0.462956220418673,974343,0.462209870051468,0.463656710347846,anyNACE4d
treat_2013,2013,2012,2015,Placebo (no EUTL supplier),0.516722745233397,913952,0.515972557262773,0.517445231481898,anyNACE4d
treat_2013,2013,2012,2016,Placebo (no EUTL supplier),0.562394808899492,859937,0.561634031283664,0.563154727225881,anyNACE4d
treat_2013,2013,2012,2017,Placebo (no EUTL supplier),0.600141906506879,809071,0.599342895358735,0.600930491359469,anyNACE4d
treat_2013,2013,2012,2018,Placebo (no EUTL supplier),0.63273102953455,768350,0.631892379487271,0.633528753127743,anyNACE4d
treat_2013,2013,2012,2019,Placebo (no EUTL supplier),0.664426226172959,728999,0.66365550357954,0.66522489685782,anyNACE4d
treat_2013,2013,2012,2020,Placebo (no EUTL supplier),0.687567207836714,663173,0.686750856095842,0.688404270211587,anyNACE4d
treat_2013,2013,2012,2021,Placebo (no EUTL supplier),0.709322273501278,636444,0.708489466157723,0.710154037779751,anyNACE4d
treat_2013,2013,2012,2022,Placebo (no EUTL supplier),0.728745845907196,613454,0.727912977693309,0.729548758370617,anyNACE4d
treat_2013,2013,2012,2005,Treated (>=1 omega>0 supplier),0.546432105687514,750,0.522500110807205,0.57206392548013,anyNACE4d
treat_2013,2013,2012,2006,Treated (>=1 omega>0 supplier),0.536652076735017,786,0.512398050141384,0.56105909536866,anyNACE4d
treat_2013,2013,2012,2007,Treated (>=1 omega>0 supplier),0.539087025452539,836,0.516740005794245,0.56402518716112,anyNACE4d
treat_2013,2013,2012,2008,Treated (>=1 omega>0 supplier),0.501861439690666,837,0.478994676806221,0.525195858420522,anyNACE4d
treat_2013,2013,2012,2009,Treated (>=1 omega>0 supplier),0.3882845699723,927,0.365378383515958,0.410778082293131,anyNACE4d
treat_2013,2013,2012,2010,Treated (>=1 omega>0 supplier),0.340280739653155,978,0.319533945693416,0.360612247553904,anyNACE4d
treat_2013,2013,2012,2011,Treated (>=1 omega>0 supplier),0.25525385240441,1051,0.236374227640707,0.274108378402581,anyNACE4d
treat_2013,2013,2012,2012,Treated (>=1 omega>0 supplier),1.38246162070182e-18,1044,6.38059209554688e-19,2.23320723344141e-18,anyNACE4d
treat_2013,2013,2012,2013,Treated (>=1 omega>0 supplier),0.202886587709531,975,0.186389880624923,0.218612095174211,anyNACE4d
treat_2013,2013,2012,2014,Treated (>=1 omega>0 supplier),0.266155944543921,923,0.247800534936531,0.284532925160744,anyNACE4d
treat_2013,2013,2012,2015,Treated (>=1 omega>0 supplier),0.358096101777221,863,0.336926710306734,0.380960338200023,anyNACE4d
treat_2013,2013,2012,2016,Treated (>=1 omega>0 supplier),0.38152558417552,843,0.358670230136096,0.404512577969051,anyNACE4d
treat_2013,2013,2012,2017,Treated (>=1 omega>0 supplier),0.416679463836781,806,0.393422101563474,0.440372356742044,anyNACE4d
treat_2013,2013,2012,2018,Treated (>=1 omega>0 supplier),0.434939196628048,770,0.410598419557888,0.460356017380949,anyNACE4d
treat_2013,2013,2012,2019,Treated (>=1 omega>0 supplier),0.449171160149476,731,0.424000278926722,0.474112336544861,anyNACE4d
treat_2013,2013,2012,2020,Treated (>=1 omega>0 supplier),0.471477984287716,692,0.443757529442094,0.497012764650258,anyNACE4d
treat_2013,2013,2012,2021,Treated (>=1 omega>0 supplier),0.505884285037706,676,0.478656677152748,0.532622156038764,anyNACE4d
treat_2013,2013,2012,2022,Treated (>=1 omega>0 supplier),0.544253631730109,639,0.515505508110412,0.570482355132729,anyNACE4d
treat_2017,2017,2016,2005,Placebo (no EUTL supplier),0.821957780886817,542280,0.821167291717425,0.822744322275513,anyNACE4d
treat_2017,2017,2016,2006,Placebo (no EUTL supplier),0.806270368624799,588765,0.805480981702466,0.807054620862824,anyNACE4d
treat_2017,2017,2016,2007,Placebo (no EUTL supplier),0.791639142899685,627573,0.790903018022662,0.792443006707436,anyNACE4d
treat_2017,2017,2016,2008,Placebo (no EUTL supplier),0.775873203635371,667670,0.775105456935487,0.77666497604742,anyNACE4d
treat_2017,2017,2016,2009,Placebo (no EUTL supplier),0.687362419027028,766496,0.686555246113034,0.688173072613246,anyNACE4d
treat_2017,2017,2016,2010,Placebo (no EUTL supplier),0.663247514344296,806621,0.662491399819334,0.664038924179979,anyNACE4d
treat_2017,2017,2016,2011,Placebo (no EUTL supplier),0.627423759859873,859439,0.626669694991245,0.628175708371274,anyNACE4d
treat_2017,2017,2016,2012,Placebo (no EUTL supplier),0.597112305576805,928822,0.596391642072439,0.597788616701617,anyNACE4d
treat_2017,2017,2016,2013,Placebo (no EUTL supplier),0.557613877627705,987163,0.55689982294891,0.558345238810132,anyNACE4d
treat_2017,2017,2016,2014,Placebo (no EUTL supplier),0.506337209155492,1087350,0.505680135737805,0.506990086715375,anyNACE4d
treat_2017,2017,2016,2015,Placebo (no EUTL supplier),0.494355808236048,1260225,0.493715279829036,0.495015673007826,anyNACE4d
treat_2017,2017,2016,2016,Placebo (no EUTL supplier),7.87301067637611e-18,1265551,7.77641288395286e-18,7.97100331942898e-18,anyNACE4d
treat_2017,2017,2016,2017,Placebo (no EUTL supplier),0.375280068652587,1086111,0.374616908993433,0.375906987947127,anyNACE4d
treat_2017,2017,2016,2018,Placebo (no EUTL supplier),0.450411835443107,1011267,0.449734295816184,0.451073811296454,anyNACE4d
treat_2017,2017,2016,2019,Placebo (no EUTL supplier),0.510091304536246,945469,0.509382693438898,0.510776565743389,anyNACE4d
treat_2017,2017,2016,2020,Placebo (no EUTL supplier),0.552411023680932,850916,0.551637668872612,0.553188145472585,anyNACE4d
treat_2017,2017,2016,2021,Placebo (no EUTL supplier),0.590519959333978,810367,0.589659173201919,0.591329177701474,anyNACE4d
treat_2017,2017,2016,2022,Placebo (no EUTL supplier),0.621401750501528,775787,0.620562832311327,0.622187854124085,anyNACE4d
treat_2017,2017,2016,2005,Treated (>=1 omega>0 supplier),0.687396073395718,4089,0.677088679127184,0.698529248371855,anyNACE4d
treat_2017,2017,2016,2006,Treated (>=1 omega>0 supplier),0.673600326011262,4755,0.663409336721545,0.683405797594979,anyNACE4d
treat_2017,2017,2016,2007,Treated (>=1 omega>0 supplier),0.657774166823895,4588,0.647760232396353,0.668075935500248,anyNACE4d
treat_2017,2017,2016,2008,Treated (>=1 omega>0 supplier),0.648184738128698,5011,0.638085330310404,0.657665328788175,anyNACE4d
treat_2017,2017,2016,2009,Treated (>=1 omega>0 supplier),0.566014722906155,5505,0.555471339752589,0.575311275156723,anyNACE4d
treat_2017,2017,2016,2010,Treated (>=1 omega>0 supplier),0.576525787538086,5564,0.56638073920149,0.586530308489533,anyNACE4d
treat_2017,2017,2016,2011,Treated (>=1 omega>0 supplier),0.534635238034266,5946,0.525467280184829,0.54437322959918,anyNACE4d
treat_2017,2017,2016,2012,Treated (>=1 omega>0 supplier),0.502107824249994,6614,0.492832922686944,0.51072743628327,anyNACE4d
treat_2017,2017,2016,2013,Treated (>=1 omega>0 supplier),0.468190489040313,6877,0.459016214610749,0.476524707003817,anyNACE4d
treat_2017,2017,2016,2014,Treated (>=1 omega>0 supplier),0.431826561089762,7259,0.423289036614818,0.440972231900702,anyNACE4d
treat_2017,2017,2016,2015,Treated (>=1 omega>0 supplier),0.365312950431464,8008,0.357781075624672,0.37343740283755,anyNACE4d
treat_2017,2017,2016,2016,Treated (>=1 omega>0 supplier),8.13918559183332e-18,8157,6.76382655495245e-18,9.51488489567036e-18,anyNACE4d
treat_2017,2017,2016,2017,Treated (>=1 omega>0 supplier),0.251834308447537,7483,0.245668326355833,0.258163481985769,anyNACE4d
treat_2017,2017,2016,2018,Treated (>=1 omega>0 supplier),0.308431032884653,7108,0.300654191106409,0.316095520275591,anyNACE4d
treat_2017,2017,2016,2019,Treated (>=1 omega>0 supplier),0.36185526475148,6740,0.353703851341195,0.369608374751773,anyNACE4d
treat_2017,2017,2016,2020,Treated (>=1 omega>0 supplier),0.384104219045345,6324,0.37601759852454,0.392619951523353,anyNACE4d
treat_2017,2017,2016,2021,Treated (>=1 omega>0 supplier),0.414486856023688,6086,0.406206351159538,0.423519410887102,anyNACE4d
treat_2017,2017,2016,2022,Treated (>=1 omega>0 supplier),0.466624241129521,5782,0.457415902113319,0.475363267859722,anyNACE4d
treat_2008,2008,2007,2005,Placebo (no EUTL supplier),0.521259706728629,209713,0.519682516671987,0.522839851692091,etsNACE4d
treat_2008,2008,2007,2006,Placebo (no EUTL supplier),0.499066521539805,248328,0.497620161650263,0.500487924128125,etsNACE4d
treat_2008,2008,2007,2007,Placebo (no EUTL supplier),7.17562756000439e-19,246007,6.83704173755827e-19,7.56836906214865e-19,etsNACE4d
treat_2008,2008,2007,2008,Placebo (no EUTL supplier),0.39742103272393,219839,0.395907479049237,0.39894417605855,etsNACE4d
treat_2008,2008,2007,2009,Placebo (no EUTL supplier),0.583877399228546,182064,0.582247032888889,0.585599502463704,etsNACE4d
treat_2008,2008,2007,2010,Placebo (no EUTL supplier),0.615307945457638,171688,0.613581792444724,0.617083663443948,etsNACE4d
treat_2008,2008,2007,2011,Placebo (no EUTL supplier),0.648579218211621,163351,0.646884372898277,0.650363240096488,etsNACE4d
treat_2008,2008,2007,2012,Placebo (no EUTL supplier),0.677333932395,154949,0.675693672879628,0.679090875713853,etsNACE4d
treat_2008,2008,2007,2013,Placebo (no EUTL supplier),0.698945561283755,146768,0.697121141767076,0.700709447191078,etsNACE4d
treat_2008,2008,2007,2014,Placebo (no EUTL supplier),0.726464418416647,140796,0.724643077969932,0.728307151921157,etsNACE4d
treat_2008,2008,2007,2015,Placebo (no EUTL supplier),0.742977971443259,135158,0.741089119816593,0.744728756004862,etsNACE4d
treat_2008,2008,2007,2016,Placebo (no EUTL supplier),0.760259903818312,128924,0.758440752442639,0.762028476723528,etsNACE4d
treat_2008,2008,2007,2017,Placebo (no EUTL supplier),0.778029881285589,124438,0.776244663279216,0.779914691152187,etsNACE4d
treat_2008,2008,2007,2018,Placebo (no EUTL supplier),0.789395320743409,121986,0.787649651477154,0.791173221893176,etsNACE4d
treat_2008,2008,2007,2019,Placebo (no EUTL supplier),0.802682783509969,117005,0.800851725326838,0.804402282095648,etsNACE4d
treat_2008,2008,2007,2020,Placebo (no EUTL supplier),0.815387556593561,107915,0.813772911773762,0.817029940575337,etsNACE4d
treat_2008,2008,2007,2021,Placebo (no EUTL supplier),0.827650499679554,104550,0.825938226410256,0.829385040642436,etsNACE4d
treat_2008,2008,2007,2022,Placebo (no EUTL supplier),0.838451333469313,100697,0.836751995525963,0.840244732205917,etsNACE4d
treat_2008,2008,2007,2005,Treated (>=1 omega>0 supplier),0.35397055568489,4011,0.344315901485231,0.363768636011564,etsNACE4d
treat_2008,2008,2007,2006,Treated (>=1 omega>0 supplier),0.297774503045588,4336,0.288202171094914,0.307529334870797,etsNACE4d
treat_2008,2008,2007,2007,Treated (>=1 omega>0 supplier),7.41170987894327e-19,4344,4.60037164899927e-19,1.02294375139553e-18,etsNACE4d
treat_2008,2008,2007,2008,Treated (>=1 omega>0 supplier),0.234327749475514,4091,0.226442923642774,0.242523825462976,etsNACE4d
treat_2008,2008,2007,2009,Treated (>=1 omega>0 supplier),0.338582010766707,3830,0.329049128234466,0.348912703720705,etsNACE4d
treat_2008,2008,2007,2010,Treated (>=1 omega>0 supplier),0.38137109002754,3597,0.371078986146724,0.39209975937366,etsNACE4d
treat_2008,2008,2007,2011,Treated (>=1 omega>0 supplier),0.40865034868283,3399,0.397995420153361,0.420506116318594,etsNACE4d
treat_2008,2008,2007,2012,Treated (>=1 omega>0 supplier),0.42506344760166,3297,0.412490246504575,0.436453624608575,etsNACE4d
treat_2008,2008,2007,2013,Treated (>=1 omega>0 supplier),0.447677263792434,3185,0.435348018829738,0.460267143103546,etsNACE4d
treat_2008,2008,2007,2014,Treated (>=1 omega>0 supplier),0.468084070034409,3081,0.455836212374456,0.480165231900137,etsNACE4d
treat_2008,2008,2007,2015,Treated (>=1 omega>0 supplier),0.490419168400363,2893,0.477569436575044,0.503794030417128,etsNACE4d
treat_2008,2008,2007,2016,Treated (>=1 omega>0 supplier),0.506027712756966,2749,0.492778705355964,0.518411018708689,etsNACE4d
treat_2008,2008,2007,2017,Treated (>=1 omega>0 supplier),0.517808518661899,2652,0.504039639892665,0.531032934423757,etsNACE4d
treat_2008,2008,2007,2018,Treated (>=1 omega>0 supplier),0.523840497533484,2530,0.509675743830463,0.538925750645564,etsNACE4d
treat_2008,2008,2007,2019,Treated (>=1 omega>0 supplier),0.544697919798593,2437,0.530788801542389,0.559949258347988,etsNACE4d
treat_2008,2008,2007,2020,Treated (>=1 omega>0 supplier),0.556430286208716,2282,0.542037333680793,0.570403971657138,etsNACE4d
treat_2008,2008,2007,2021,Treated (>=1 omega>0 supplier),0.56119154245605,2170,0.54502142370727,0.577122750322889,etsNACE4d
treat_2008,2008,2007,2022,Treated (>=1 omega>0 supplier),0.576853385291988,2105,0.561740470257132,0.592264861419613,etsNACE4d
treat_2013,2013,2012,2005,Placebo (no EUTL supplier),0.747758040632331,141757,0.746115985276682,0.749318851167398,etsNACE4d
treat_2013,2013,2012,2006,Placebo (no EUTL supplier),0.723869074573404,156591,0.722133949954305,0.725544153225996,etsNACE4d
treat_2013,2013,2012,2007,Placebo (no EUTL supplier),0.703324799499153,164397,0.70178327170977,0.705052256704879,etsNACE4d
treat_2013,2013,2012,2008,Placebo (no EUTL supplier),0.688145999986946,175798,0.686587172739816,0.689790573398822,etsNACE4d
treat_2013,2013,2012,2009,Placebo (no EUTL supplier),0.55431301170055,209912,0.552679650585835,0.555854915422364,etsNACE4d
treat_2013,2013,2012,2010,Placebo (no EUTL supplier),0.511767669928904,224231,0.510284569304803,0.5133225364413,etsNACE4d
treat_2013,2013,2012,2011,Placebo (no EUTL supplier),0.486354641034258,256530,0.485068073823748,0.487715474396679,etsNACE4d
treat_2013,2013,2012,2012,Placebo (no EUTL supplier),7.63705287469479e-19,256293,7.25574171230397e-19,8.01013352065797e-19,etsNACE4d
treat_2013,2013,2012,2013,Placebo (no EUTL supplier),0.37539827282745,224859,0.374038928451145,0.376793718156649,etsNACE4d
treat_2013,2013,2012,2014,Placebo (no EUTL supplier),0.458637906836438,210470,0.457055432338075,0.460088054614621,etsNACE4d
treat_2013,2013,2012,2015,Placebo (no EUTL supplier),0.513329259427229,198600,0.511776321999705,0.514915193863923,etsNACE4d
treat_2013,2013,2012,2016,Placebo (no EUTL supplier),0.562524333117375,187037,0.560990566777929,0.564140694195949,etsNACE4d
treat_2013,2013,2012,2017,Placebo (no EUTL supplier),0.59775428951547,178037,0.596090241069985,0.599352169839943,etsNACE4d
treat_2013,2013,2012,2018,Placebo (no EUTL supplier),0.630374473454592,170051,0.628712353451101,0.632144352557476,etsNACE4d
treat_2013,2013,2012,2019,Placebo (no EUTL supplier),0.663367172295697,162333,0.661655682720856,0.66497696446091,etsNACE4d
treat_2013,2013,2012,2020,Placebo (no EUTL supplier),0.686747794638782,149756,0.685004917684408,0.688422702859772,etsNACE4d
treat_2013,2013,2012,2021,Placebo (no EUTL supplier),0.711296560944941,144090,0.709672626021741,0.713114620674335,etsNACE4d
treat_2013,2013,2012,2022,Placebo (no EUTL supplier),0.73113898676215,138034,0.729398797715038,0.732929493338334,etsNACE4d
treat_2013,2013,2012,2005,Treated (>=1 omega>0 supplier),0.511299372983777,536,0.482533303022325,0.542140551048175,etsNACE4d
treat_2013,2013,2012,2006,Treated (>=1 omega>0 supplier),0.514811858092098,563,0.484551108719167,0.54462517203494,etsNACE4d
treat_2013,2013,2012,2007,Treated (>=1 omega>0 supplier),0.497158224419719,603,0.471046485539508,0.523831474443002,etsNACE4d
treat_2013,2013,2012,2008,Treated (>=1 omega>0 supplier),0.459211965761459,602,0.430948081698319,0.486564723585721,etsNACE4d
treat_2013,2013,2012,2009,Treated (>=1 omega>0 supplier),0.374371683250677,696,0.350183182111459,0.399792712278022,etsNACE4d
treat_2013,2013,2012,2010,Treated (>=1 omega>0 supplier),0.312932534011228,737,0.290754197882869,0.335512279221863,etsNACE4d
treat_2013,2013,2012,2011,Treated (>=1 omega>0 supplier),0.255513838653617,785,0.23393359380633,0.276868984580727,etsNACE4d
treat_2013,2013,2012,2012,Treated (>=1 omega>0 supplier),1.85274702440655e-18,779,8.55114011264562e-19,2.99289903942597e-18,etsNACE4d
treat_2013,2013,2012,2013,Treated (>=1 omega>0 supplier),0.205080039735648,728,0.187728193717951,0.223719194962904,etsNACE4d
treat_2013,2013,2012,2014,Treated (>=1 omega>0 supplier),0.271141376504405,687,0.24865976119404,0.293136209345947,etsNACE4d
treat_2013,2013,2012,2015,Treated (>=1 omega>0 supplier),0.340379194250492,649,0.317184803164619,0.366523034901787,etsNACE4d
treat_2013,2013,2012,2016,Treated (>=1 omega>0 supplier),0.375047360914275,632,0.349506259245749,0.400111423593112,etsNACE4d
treat_2013,2013,2012,2017,Treated (>=1 omega>0 supplier),0.40156725457566,606,0.377500990062093,0.43013095455311,etsNACE4d
treat_2013,2013,2012,2018,Treated (>=1 omega>0 supplier),0.417262378561232,575,0.389910841756545,0.444566712376056,etsNACE4d
treat_2013,2013,2012,2019,Treated (>=1 omega>0 supplier),0.425467894327204,552,0.39658549981712,0.456470404313497,etsNACE4d
treat_2013,2013,2012,2020,Treated (>=1 omega>0 supplier),0.456442955758544,525,0.426042555345492,0.485501217207763,etsNACE4d
treat_2013,2013,2012,2021,Treated (>=1 omega>0 supplier),0.479853486812093,506,0.449696975618615,0.509603519611793,etsNACE4d
treat_2013,2013,2012,2022,Treated (>=1 omega>0 supplier),0.524214489372032,477,0.4933428270409,0.553858374700134,etsNACE4d
treat_2017,2017,2016,2005,Placebo (no EUTL supplier),0.809753277907194,117939,0.808069402546379,0.811578866634122,etsNACE4d
treat_2017,2017,2016,2006,Placebo (no EUTL supplier),0.789934155845901,129970,0.788359776315615,0.791665932572655,etsNACE4d
treat_2017,2017,2016,2007,Placebo (no EUTL supplier),0.776893416592225,136129,0.775224657338696,0.778471322748576,etsNACE4d
treat_2017,2017,2016,2008,Placebo (no EUTL supplier),0.76663938246512,144141,0.765108895052094,0.768417686055921,etsNACE4d
treat_2017,2017,2016,2009,Placebo (no EUTL supplier),0.682047992368778,168829,0.680426905469646,0.683673282505833,etsNACE4d
treat_2017,2017,2016,2010,Placebo (no EUTL supplier),0.659370280636418,177364,0.657835891213769,0.661045665469668,etsNACE4d
treat_2017,2017,2016,2011,Placebo (no EUTL supplier),0.624623030388557,188082,0.622984012433101,0.626185694007988,etsNACE4d
treat_2017,2017,2016,2012,Placebo (no EUTL supplier),0.59318052687634,200164,0.591586520721071,0.594836067107649,etsNACE4d
treat_2017,2017,2016,2013,Placebo (no EUTL supplier),0.554506343392264,210729,0.55303268432255,0.555989861964609,etsNACE4d
treat_2017,2017,2016,2014,Placebo (no EUTL supplier),0.500707872894495,228062,0.499116871520792,0.502157523283279,etsNACE4d
treat_2017,2017,2016,2015,Placebo (no EUTL supplier),0.477231692978492,258611,0.475853040381043,0.478620978546378,etsNACE4d
treat_2017,2017,2016,2016,Placebo (no EUTL supplier),8.44901530221078e-18,258561,8.22572419164859e-18,8.70207355135231e-18,etsNACE4d
treat_2017,2017,2016,2017,Placebo (no EUTL supplier),0.375512708246783,228523,0.374016450162915,0.376867020262888,etsNACE4d
treat_2017,2017,2016,2018,Placebo (no EUTL supplier),0.444630165873306,214410,0.44308326374257,0.446174908627135,etsNACE4d
treat_2017,2017,2016,2019,Placebo (no EUTL supplier),0.506079222405025,202089,0.504583858033178,0.507690693104877,etsNACE4d
treat_2017,2017,2016,2020,Placebo (no EUTL supplier),0.545590590557747,185007,0.5439574442714,0.547237652481366,etsNACE4d
treat_2017,2017,2016,2021,Placebo (no EUTL supplier),0.585695153075348,176593,0.584098888801505,0.587369370554144,etsNACE4d
treat_2017,2017,2016,2022,Placebo (no EUTL supplier),0.6199623820096,167946,0.618352160079959,0.621678320125127,etsNACE4d
treat_2017,2017,2016,2005,Treated (>=1 omega>0 supplier),0.690274593068169,3924,0.678860446020251,0.701333413787274,etsNACE4d
treat_2017,2017,2016,2006,Treated (>=1 omega>0 supplier),0.678379008973603,4578,0.668081752102451,0.688936520958265,etsNACE4d
treat_2017,2017,2016,2007,Treated (>=1 omega>0 supplier),0.65766573021165,4406,0.64683765277636,0.66831849917891,etsNACE4d
treat_2017,2017,2016,2008,Treated (>=1 omega>0 supplier),0.649805713791614,4822,0.639187254596731,0.659380648679062,etsNACE4d
treat_2017,2017,2016,2009,Treated (>=1 omega>0 supplier),0.572900675174942,5323,0.56349812547356,0.583499388358332,etsNACE4d
treat_2017,2017,2016,2010,Treated (>=1 omega>0 supplier),0.584480801364081,5379,0.574286343335877,0.593685509874478,etsNACE4d
treat_2017,2017,2016,2011,Treated (>=1 omega>0 supplier),0.537945066273326,5749,0.528609871403403,0.547419855324178,etsNACE4d
treat_2017,2017,2016,2012,Treated (>=1 omega>0 supplier),0.505513018948165,6405,0.496621527326111,0.514897605745889,etsNACE4d
treat_2017,2017,2016,2013,Treated (>=1 omega>0 supplier),0.470965017208108,6671,0.462528021438884,0.479911056414718,etsNACE4d
treat_2017,2017,2016,2014,Treated (>=1 omega>0 supplier),0.433552534741063,7052,0.425753098716709,0.441767723411188,etsNACE4d
treat_2017,2017,2016,2015,Treated (>=1 omega>0 supplier),0.367787713023749,7796,0.360065564178563,0.374920368874468,etsNACE4d
treat_2017,2017,2016,2016,Treated (>=1 omega>0 supplier),8.12187833426361e-18,7942,6.7515734741669e-18,9.53412060400368e-18,etsNACE4d
treat_2017,2017,2016,2017,Treated (>=1 omega>0 supplier),0.253199849582456,7280,0.246412388926386,0.25985628983622,etsNACE4d
treat_2017,2017,2016,2018,Treated (>=1 omega>0 supplier),0.310388577653304,6918,0.302628175631587,0.317715219373829,etsNACE4d
treat_2017,2017,2016,2019,Treated (>=1 omega>0 supplier),0.362638875422848,6560,0.354691847482099,0.370777449066399,etsNACE4d
treat_2017,2017,2016,2020,Treated (>=1 omega>0 supplier),0.385671408572142,6162,0.376856817877508,0.393955970484667,etsNACE4d
treat_2017,2017,2016,2021,Treated (>=1 omega>0 supplier),0.413564251021167,5919,0.404843429072512,0.421868860562051,etsNACE4d
treat_2017,2017,2016,2022,Treated (>=1 omega>0 supplier),0.465931498781462,5622,0.456402535938778,0.475240390339709,etsNACE4d
