version,treat_year,norm_year,year,supplier_role,group,mean_share,n_cells,ci_lo,ci_hi
treat_2008,2008,2007,2005,Bottom-omega supplier,All cells,0.336020269209091,4008,0.325446280058871,0.346769596161273
treat_2008,2008,2007,2006,Bottom-omega supplier,All cells,0.415589686868105,4331,0.405299235914133,0.425318200912678
treat_2008,2008,2007,2007,Bottom-omega supplier,All cells,0.392550108236644,4339,0.382848475805892,0.402391113946818
treat_2008,2008,2007,2008,Bottom-omega supplier,All cells,0.344632061417297,4086,0.334644217392445,0.353623440098591
treat_2008,2008,2007,2009,Bottom-omega supplier,All cells,0.284340867706261,3826,0.274242217630259,0.295077312538049
treat_2008,2008,2007,2010,Bottom-omega supplier,All cells,0.266172225626907,3594,0.255130513238436,0.276709938450037
treat_2008,2008,2007,2011,Bottom-omega supplier,All cells,0.265556237160649,3397,0.253656331381613,0.275758745386021
treat_2008,2008,2007,2012,Bottom-omega supplier,All cells,0.268090740891326,3295,0.256353434944782,0.279477473460176
treat_2008,2008,2007,2013,Bottom-omega supplier,All cells,0.261442766002659,3183,0.249720516179425,0.273039297349446
treat_2008,2008,2007,2014,Bottom-omega supplier,All cells,0.25559034298279,3078,0.242878705076636,0.267719223235705
treat_2008,2008,2007,2015,Bottom-omega supplier,All cells,0.248099456360249,2890,0.235004612088051,0.260603524406156
treat_2008,2008,2007,2016,Bottom-omega supplier,All cells,0.242905429685626,2745,0.231100848609043,0.255460861525484
treat_2008,2008,2007,2017,Bottom-omega supplier,All cells,0.2352874222817,2648,0.222707154725024,0.248416263574015
treat_2008,2008,2007,2018,Bottom-omega supplier,All cells,0.228051241145882,2526,0.214151332576864,0.242624136203525
treat_2008,2008,2007,2019,Bottom-omega supplier,All cells,0.215463908267409,2433,0.203141341852072,0.228176989636122
treat_2008,2008,2007,2020,Bottom-omega supplier,All cells,0.20825008840546,2279,0.193864494430975,0.222366756400564
treat_2008,2008,2007,2021,Bottom-omega supplier,All cells,0.193486213816292,2167,0.179550046612209,0.207180294027444
treat_2008,2008,2007,2022,Bottom-omega supplier,All cells,0.187992453985642,2103,0.174455034013002,0.20118413579676
treat_2008,2008,2007,2005,Bottom-omega supplier,Other (Q1-Q3),0.346154301317931,2994,0.332824306760125,0.358733704264994
treat_2008,2008,2007,2006,Bottom-omega supplier,Other (Q1-Q3),0.437150099536314,3237,0.425649931716999,0.449332284601349
treat_2008,2008,2007,2007,Bottom-omega supplier,Other (Q1-Q3),0.414033527736723,3256,0.403479814581118,0.424823839450041
treat_2008,2008,2007,2008,Bottom-omega supplier,Other (Q1-Q3),0.371661602431117,3047,0.358790782887872,0.383004605673383
treat_2008,2008,2007,2009,Bottom-omega supplier,Other (Q1-Q3),0.314989676362067,2838,0.302905113474276,0.327855113415021
treat_2008,2008,2007,2010,Bottom-omega supplier,Other (Q1-Q3),0.298080713940179,2655,0.285023399077625,0.310670196788054
treat_2008,2008,2007,2011,Bottom-omega supplier,Other (Q1-Q3),0.297113621036473,2490,0.28338782810754,0.310689247789978
treat_2008,2008,2007,2012,Bottom-omega supplier,Other (Q1-Q3),0.303820252500133,2412,0.290298246714382,0.318303979867375
treat_2008,2008,2007,2013,Bottom-omega supplier,Other (Q1-Q3),0.297577023646462,2334,0.283823603862069,0.31318901541638
treat_2008,2008,2007,2014,Bottom-omega supplier,Other (Q1-Q3),0.289969882396983,2254,0.275600818007834,0.304759536857237
treat_2008,2008,2007,2015,Bottom-omega supplier,Other (Q1-Q3),0.27886012521418,2104,0.262791284646867,0.294938023255081
treat_2008,2008,2007,2016,Bottom-omega supplier,Other (Q1-Q3),0.272016270134485,2006,0.255944004044041,0.288536864893896
treat_2008,2008,2007,2017,Bottom-omega supplier,Other (Q1-Q3),0.262547395586959,1954,0.247140334353193,0.278275055673495
treat_2008,2008,2007,2018,Bottom-omega supplier,Other (Q1-Q3),0.258562438005738,1850,0.241909144272363,0.275233389612102
treat_2008,2008,2007,2019,Bottom-omega supplier,Other (Q1-Q3),0.244902516123463,1777,0.227187848540969,0.262657099512893
treat_2008,2008,2007,2020,Bottom-omega supplier,Other (Q1-Q3),0.239223252576787,1654,0.222795786764694,0.257114418577648
treat_2008,2008,2007,2021,Bottom-omega supplier,Other (Q1-Q3),0.219426537972693,1568,0.201753554108451,0.236712305753555
treat_2008,2008,2007,2022,Bottom-omega supplier,Other (Q1-Q3),0.210272316369175,1525,0.192541619191326,0.227834106540965
treat_2008,2008,2007,2005,Bottom-omega supplier,Top quartile,0.306097890378846,1014,0.287336882614266,0.323805594003035
treat_2008,2008,2007,2006,Bottom-omega supplier,Top quartile,0.351795303132282,1094,0.335397046135654,0.369288317212202
treat_2008,2008,2007,2007,Bottom-omega supplier,Top quartile,0.327960991069276,1083,0.312171897416753,0.34637431943711
treat_2008,2008,2007,2008,Bottom-omega supplier,Top quartile,0.265364485412377,1039,0.24856270878053,0.283105304694184
treat_2008,2008,2007,2009,Bottom-omega supplier,Top quartile,0.1963030954743,988,0.179175765323695,0.214407476581763
treat_2008,2008,2007,2010,Bottom-omega supplier,Top quartile,0.175951739501524,939,0.158543132554502,0.194552394546177
treat_2008,2008,2007,2011,Bottom-omega supplier,Top quartile,0.178921302374758,907,0.160267081985411,0.197440307790664
treat_2008,2008,2007,2012,Bottom-omega supplier,Top quartile,0.170492120279273,883,0.151585644218025,0.189687429365431
treat_2008,2008,2007,2013,Bottom-omega supplier,Top quartile,0.162105478204501,849,0.145072244223421,0.181477798702851
treat_2008,2008,2007,2014,Bottom-omega supplier,Top quartile,0.161547282497848,824,0.143762108545042,0.180109495187791
treat_2008,2008,2007,2015,Bottom-omega supplier,Top quartile,0.165757920395021,786,0.146158186803099,0.184131091957585
treat_2008,2008,2007,2016,Bottom-omega supplier,Top quartile,0.163884663866397,739,0.145427459911167,0.183177929259953
treat_2008,2008,2007,2017,Bottom-omega supplier,Top quartile,0.158535278422224,694,0.13887348916116,0.180563853520332
treat_2008,2008,2007,2018,Bottom-omega supplier,Top quartile,0.144551663940655,676,0.12515913647174,0.163467421817447
treat_2008,2008,2007,2019,Bottom-omega supplier,Top quartile,0.135719386681726,656,0.11647696007678,0.156378251747142
treat_2008,2008,2007,2020,Bottom-omega supplier,Top quartile,0.126282706742458,625,0.107652507502306,0.146872588473098
treat_2008,2008,2007,2021,Bottom-omega supplier,Top quartile,0.125582326875996,599,0.104373639694927,0.144741524333811
treat_2008,2008,2007,2022,Bottom-omega supplier,Top quartile,0.12920908004985,578,0.108659239197328,0.150132780782308
treat_2008,2008,2007,2005,Top-omega supplier,All cells,0.445986639956094,4008,0.432648442600415,0.458273970199561
treat_2008,2008,2007,2006,Top-omega supplier,All cells,0.418066536953415,4331,0.407506630363089,0.429488379985905
treat_2008,2008,2007,2007,Top-omega supplier,All cells,0.446419709453153,4339,0.43473544846797,0.457181548972745
treat_2008,2008,2007,2008,Top-omega supplier,All cells,0.443182288499725,4086,0.432358950168978,0.456181214329807
treat_2008,2008,2007,2009,Top-omega supplier,All cells,0.426737876944889,3826,0.4134037253222,0.439056676242109
treat_2008,2008,2007,2010,Top-omega supplier,All cells,0.418614071716205,3594,0.405484803328487,0.43296048791052
treat_2008,2008,2007,2011,Top-omega supplier,All cells,0.398688179522185,3397,0.384847040423654,0.411975277386389
treat_2008,2008,2007,2012,Top-omega supplier,All cells,0.380616318684011,3295,0.366410406587197,0.393981431942909
treat_2008,2008,2007,2013,Top-omega supplier,All cells,0.370976266348141,3183,0.355492151158408,0.385646872393382
treat_2008,2008,2007,2014,Top-omega supplier,All cells,0.366189587371231,3078,0.351794216058121,0.379662338167681
treat_2008,2008,2007,2015,Top-omega supplier,All cells,0.357131768103642,2890,0.341197713032723,0.371445527356268
treat_2008,2008,2007,2016,Top-omega supplier,All cells,0.353538506056032,2745,0.337749357268505,0.368586935598657
treat_2008,2008,2007,2017,Top-omega supplier,All cells,0.353185277419008,2648,0.337217758564932,0.368941332349994
treat_2008,2008,2007,2018,Top-omega supplier,All cells,0.359690484485485,2526,0.343883389162307,0.376071040567131
treat_2008,2008,2007,2019,Top-omega supplier,All cells,0.357139071557586,2433,0.341252200665827,0.375892515228007
treat_2008,2008,2007,2020,Top-omega supplier,All cells,0.354048306223211,2279,0.337004445127036,0.372143624455971
treat_2008,2008,2007,2021,Top-omega supplier,All cells,0.361985774207483,2167,0.343924269785077,0.380918596709386
treat_2008,2008,2007,2022,Top-omega supplier,All cells,0.365446776784084,2103,0.347022634322053,0.383747538668266
treat_2008,2008,2007,2005,Top-omega supplier,Other (Q1-Q3),0.463338258109904,2994,0.448526661309641,0.47862875193624
treat_2008,2008,2007,2006,Top-omega supplier,Other (Q1-Q3),0.424726372134821,3237,0.4118271743224,0.437971712754854
treat_2008,2008,2007,2007,Top-omega supplier,Other (Q1-Q3),0.453556014843495,3256,0.440572472415637,0.467076143047507
treat_2008,2008,2007,2008,Top-omega supplier,Other (Q1-Q3),0.452673087621032,3047,0.43856739263087,0.466329497910999
treat_2008,2008,2007,2009,Top-omega supplier,Other (Q1-Q3),0.453435715512876,2838,0.43851975669859,0.468965606095457
treat_2008,2008,2007,2010,Top-omega supplier,Other (Q1-Q3),0.444642889875123,2655,0.429616192531277,0.460671719491633
treat_2008,2008,2007,2011,Top-omega supplier,Other (Q1-Q3),0.427601002125796,2490,0.412237064183106,0.443908331366907
treat_2008,2008,2007,2012,Top-omega supplier,Other (Q1-Q3),0.402828440731368,2412,0.385975241281779,0.41911708773198
treat_2008,2008,2007,2013,Top-omega supplier,Other (Q1-Q3),0.391756028958073,2334,0.374222150262255,0.407779664740424
treat_2008,2008,2007,2014,Top-omega supplier,Other (Q1-Q3),0.387946558404096,2254,0.371131208130836,0.405622848250972
treat_2008,2008,2007,2015,Top-omega supplier,Other (Q1-Q3),0.37747249440393,2104,0.359991565593428,0.394522196942376
treat_2008,2008,2007,2016,Top-omega supplier,Other (Q1-Q3),0.382417048809382,2006,0.362836420870319,0.401006488846004
treat_2008,2008,2007,2017,Top-omega supplier,Other (Q1-Q3),0.383390697871314,1954,0.362776497909565,0.403290495146158
treat_2008,2008,2007,2018,Top-omega supplier,Other (Q1-Q3),0.393559820986698,1850,0.373303688795876,0.412722583316476
treat_2008,2008,2007,2019,Top-omega supplier,Other (Q1-Q3),0.393395935509814,1777,0.374272779504371,0.413892194520072
treat_2008,2008,2007,2020,Top-omega supplier,Other (Q1-Q3),0.392515050897927,1654,0.373059183171939,0.412351707514039
treat_2008,2008,2007,2021,Top-omega supplier,Other (Q1-Q3),0.401154081178319,1568,0.37838246897137,0.423755330917151
treat_2008,2008,2007,2022,Top-omega supplier,Other (Q1-Q3),0.407855509211535,1525,0.385936150275999,0.430783939344563
treat_2008,2008,2007,2005,Top-omega supplier,Top quartile,0.394753163868811,1014,0.368974536732474,0.421423661970713
treat_2008,2008,2007,2006,Top-omega supplier,Top quartile,0.398360973441337,1094,0.375482283379734,0.420301062228071
treat_2008,2008,2007,2007,Top-omega supplier,Top quartile,0.424964667577851,1083,0.400955379251782,0.448570424929501
treat_2008,2008,2007,2008,Top-omega supplier,Top quartile,0.415349309748406,1039,0.391166049865575,0.441883155233675
treat_2008,2008,2007,2009,Top-omega supplier,Top quartile,0.35004914632146,988,0.324143595244385,0.378396781756366
treat_2008,2008,2007,2010,Top-omega supplier,Top quartile,0.345018212065591,939,0.318334272226429,0.370560813727418
treat_2008,2008,2007,2011,Top-omega supplier,Top quartile,0.319313396409735,907,0.292747520403654,0.346332844981106
treat_2008,2008,2007,2012,Top-omega supplier,Top quartile,0.319941756534264,883,0.293177747387079,0.35018786130259
treat_2008,2008,2007,2013,Top-omega supplier,Top quartile,0.313850275851581,849,0.286765705141371,0.340067306471142
treat_2008,2008,2007,2014,Top-omega supplier,Top quartile,0.306674766123564,824,0.279353155465326,0.335060123242738
treat_2008,2008,2007,2015,Top-omega supplier,Top quartile,0.302682801009743,786,0.273941260535548,0.331496601711586
treat_2008,2008,2007,2016,Top-omega supplier,Top quartile,0.275148307458981,739,0.246074015336798,0.304059806958126
treat_2008,2008,2007,2017,Top-omega supplier,Top quartile,0.268140044618132,694,0.240262184583864,0.296796440391913
treat_2008,2008,2007,2018,Top-omega supplier,Top quartile,0.267000732226248,676,0.239110048899787,0.296049476438527
treat_2008,2008,2007,2019,Top-omega supplier,Top quartile,0.258924975150406,656,0.228515919714929,0.289665741403636
treat_2008,2008,2007,2020,Top-omega supplier,Top quartile,0.252249913116044,625,0.219711571134136,0.280554220546375
treat_2008,2008,2007,2021,Top-omega supplier,Top quartile,0.259455047445764,599,0.226946218682928,0.289774796967686
treat_2008,2008,2007,2022,Top-omega supplier,Top quartile,0.253555224964253,578,0.224972021914991,0.285792417294343
treat_2013,2013,2012,2005,Bottom-omega supplier,All cells,0.28544448789984,536,0.253251696831294,0.316414206585691
treat_2013,2013,2012,2006,Bottom-omega supplier,All cells,0.263031148132484,563,0.235282653698325,0.290985003024992
treat_2013,2013,2012,2007,Bottom-omega supplier,All cells,0.270261329812741,603,0.241902671548063,0.294410003854814
treat_2013,2013,2012,2008,Bottom-omega supplier,All cells,0.295161008744176,602,0.266683407001285,0.324351399778198
treat_2013,2013,2012,2009,Bottom-omega supplier,All cells,0.331363259582032,696,0.303883226859157,0.358938470592167
treat_2013,2013,2012,2010,Bottom-omega supplier,All cells,0.366514306763036,737,0.341605711278858,0.391094038727709
treat_2013,2013,2012,2011,Bottom-omega supplier,All cells,0.424984538961706,785,0.401390295882637,0.447907052915936
treat_2013,2013,2012,2012,Bottom-omega supplier,All cells,0.425719643514893,779,0.403439154397267,0.448937541718065
treat_2013,2013,2012,2013,Bottom-omega supplier,All cells,0.425180938298625,728,0.399397634001574,0.449811286010563
treat_2013,2013,2012,2014,Bottom-omega supplier,All cells,0.383029118576657,687,0.356776007517133,0.410594606174006
treat_2013,2013,2012,2015,Bottom-omega supplier,All cells,0.348146272116072,649,0.319594151678779,0.37452720319981
treat_2013,2013,2012,2016,Bottom-omega supplier,All cells,0.335078776977832,632,0.308429035685703,0.364879303302396
treat_2013,2013,2012,2017,Bottom-omega supplier,All cells,0.315715940008052,606,0.287340835477608,0.342785717467258
treat_2013,2013,2012,2018,Bottom-omega supplier,All cells,0.310064123256672,575,0.278729905499981,0.340066152551939
treat_2013,2013,2012,2019,Bottom-omega supplier,All cells,0.311924788775648,552,0.281947053610127,0.342854124364989
treat_2013,2013,2012,2020,Bottom-omega supplier,All cells,0.291864882634195,525,0.260853295196914,0.3218700702904
treat_2013,2013,2012,2021,Bottom-omega supplier,All cells,0.281639379072716,506,0.249727808499222,0.313675459079018
treat_2013,2013,2012,2022,Bottom-omega supplier,All cells,0.23654282620954,477,0.207165270441024,0.268467319298936
treat_2013,2013,2012,2005,Bottom-omega supplier,Other (Q1-Q3),0.332940559203811,402,0.297118851532808,0.367764913344553
treat_2013,2013,2012,2006,Bottom-omega supplier,Other (Q1-Q3),0.305235108475321,426,0.272796591278199,0.340465060071475
treat_2013,2013,2012,2007,Bottom-omega supplier,Other (Q1-Q3),0.301371928266272,458,0.268163533108333,0.333917549895852
treat_2013,2013,2012,2008,Bottom-omega supplier,Other (Q1-Q3),0.330646781044627,451,0.297614635627102,0.364365283659861
treat_2013,2013,2012,2009,Bottom-omega supplier,Other (Q1-Q3),0.361478140948157,518,0.330613654975879,0.392946540868013
treat_2013,2013,2012,2010,Bottom-omega supplier,Other (Q1-Q3),0.420281186832442,550,0.392173683543824,0.448789511778328
treat_2013,2013,2012,2011,Bottom-omega supplier,Other (Q1-Q3),0.476733323990121,589,0.451169441160355,0.504319340082952
treat_2013,2013,2012,2012,Bottom-omega supplier,Other (Q1-Q3),0.47080911024403,583,0.443561999815252,0.497984316387434
treat_2013,2013,2012,2013,Bottom-omega supplier,Other (Q1-Q3),0.460088535128963,547,0.432104912496507,0.489598156591537
treat_2013,2013,2012,2014,Bottom-omega supplier,Other (Q1-Q3),0.409836852901266,508,0.378854958874614,0.441425446430526
treat_2013,2013,2012,2015,Bottom-omega supplier,Other (Q1-Q3),0.380795024396346,480,0.347575526268583,0.413620637374011
treat_2013,2013,2012,2016,Bottom-omega supplier,Other (Q1-Q3),0.365857261529548,470,0.331776536684063,0.398844434284829
treat_2013,2013,2012,2017,Bottom-omega supplier,Other (Q1-Q3),0.3479670128037,450,0.316149444151987,0.382957629559641
treat_2013,2013,2012,2018,Bottom-omega supplier,Other (Q1-Q3),0.340643335314428,425,0.304743913990137,0.376217491541918
treat_2013,2013,2012,2019,Bottom-omega supplier,Other (Q1-Q3),0.32970403398938,415,0.295448483093046,0.366243506745639
treat_2013,2013,2012,2020,Bottom-omega supplier,Other (Q1-Q3),0.309641408690745,391,0.270606179191113,0.346415261274376
treat_2013,2013,2012,2021,Bottom-omega supplier,Other (Q1-Q3),0.291687440654142,380,0.257203948576759,0.327778414965365
treat_2013,2013,2012,2022,Bottom-omega supplier,Other (Q1-Q3),0.242860683618638,355,0.208105777568336,0.280362965309372
treat_2013,2013,2012,2005,Bottom-omega supplier,Top quartile,0.142956273987926,134,0.097546214634846,0.188720179748908
treat_2013,2013,2012,2006,Bottom-omega supplier,Top quartile,0.131798395533591,137,0.0879759026563931,0.177106130593821
treat_2013,2013,2012,2007,Bottom-omega supplier,Top quartile,0.171994749869866,145,0.122475449063759,0.223111500396279
treat_2013,2013,2012,2008,Bottom-omega supplier,Top quartile,0.18917370207197,151,0.140297248438045,0.237773867647498
treat_2013,2013,2012,2009,Bottom-omega supplier,Top quartile,0.243725571112072,178,0.19730282752443,0.293533842585
treat_2013,2013,2012,2010,Bottom-omega supplier,Top quartile,0.208376424205961,187,0.169492607974348,0.249215163304567
treat_2013,2013,2012,2011,Bottom-omega supplier,Top quartile,0.26947415946305,196,0.229286440003827,0.309965431987909
treat_2013,2013,2012,2012,Bottom-omega supplier,Top quartile,0.291601484825673,196,0.254936931363673,0.329950978695425
treat_2013,2013,2012,2013,Bottom-omega supplier,Top quartile,0.319686709203626,181,0.277560338926036,0.364985542002093
treat_2013,2013,2012,2014,Bottom-omega supplier,Top quartile,0.306949068091172,179,0.259288543824832,0.356082183623637
treat_2013,2013,2012,2015,Bottom-omega supplier,Top quartile,0.25541608812476,169,0.210433776035553,0.303477416091737
treat_2013,2013,2012,2016,Bottom-omega supplier,Top quartile,0.245783173648778,162,0.195191851852689,0.295081137159454
treat_2013,2013,2012,2017,Bottom-omega supplier,Top quartile,0.222683999251375,156,0.175007113626999,0.268496218325567
treat_2013,2013,2012,2018,Bottom-omega supplier,Top quartile,0.223423022426362,150,0.173925447330025,0.276656414255285
treat_2013,2013,2012,2019,Bottom-omega supplier,Top quartile,0.258067951084414,137,0.201633819843814,0.318083094211433
treat_2013,2013,2012,2020,Bottom-omega supplier,Top quartile,0.239994571528889,134,0.190012613839927,0.297244601347779
treat_2013,2013,2012,2021,Bottom-omega supplier,Top quartile,0.251335701287463,126,0.195621327351885,0.315344895673309
treat_2013,2013,2012,2022,Bottom-omega supplier,Top quartile,0.218158896863395,122,0.161622068583704,0.277144185812386
treat_2013,2013,2012,2005,Top-omega supplier,All cells,0.308774363943535,536,0.276166472541307,0.34137729469517
treat_2013,2013,2012,2006,Top-omega supplier,All cells,0.324654275244534,563,0.290441060836409,0.356356596868592
treat_2013,2013,2012,2007,Top-omega supplier,All cells,0.365416953161119,603,0.332767347559197,0.395769163240754
treat_2013,2013,2012,2008,Top-omega supplier,All cells,0.377895794460472,602,0.348369170889323,0.408190506412799
treat_2013,2013,2012,2009,Top-omega supplier,All cells,0.404625360945663,696,0.374571815577601,0.436088829449984
treat_2013,2013,2012,2010,Top-omega supplier,All cells,0.436470247781971,737,0.409642478227366,0.463730837010391
treat_2013,2013,2012,2011,Top-omega supplier,All cells,0.436770215084957,785,0.411430620658158,0.461985566910712
treat_2013,2013,2012,2012,Top-omega supplier,All cells,0.436559028856528,779,0.412221273582705,0.461835877262314
treat_2013,2013,2012,2013,Top-omega supplier,All cells,0.384414615805554,728,0.358157344374533,0.410884361565251
treat_2013,2013,2012,2014,Top-omega supplier,All cells,0.376564880198292,687,0.347500242532229,0.403959714397107
treat_2013,2013,2012,2015,Top-omega supplier,All cells,0.408015922108409,649,0.37986648543863,0.439183510362832
treat_2013,2013,2012,2016,Top-omega supplier,All cells,0.390979943662005,632,0.360254228897604,0.423691256919367
treat_2013,2013,2012,2017,Top-omega supplier,All cells,0.389844088765943,606,0.356528995697568,0.424641639700626
treat_2013,2013,2012,2018,Top-omega supplier,All cells,0.385634169367736,575,0.34963225036061,0.419119314929699
treat_2013,2013,2012,2019,Top-omega supplier,All cells,0.367423957517359,552,0.335277020032148,0.399444841490333
treat_2013,2013,2012,2020,Top-omega supplier,All cells,0.37774501395243,525,0.345720326114336,0.413530308262591
treat_2013,2013,2012,2021,Top-omega supplier,All cells,0.376878237290332,506,0.3425208429203,0.411380668007399
treat_2013,2013,2012,2022,Top-omega supplier,All cells,0.402458153310445,477,0.365259729519562,0.439866333842497
treat_2013,2013,2012,2005,Top-omega supplier,Other (Q1-Q3),0.258824491355089,402,0.22623567106153,0.292902909981129
treat_2013,2013,2012,2006,Top-omega supplier,Other (Q1-Q3),0.271832497340391,426,0.235423408245132,0.308714995858563
treat_2013,2013,2012,2007,Top-omega supplier,Other (Q1-Q3),0.313799258666302,458,0.279899055467292,0.348154265110981
treat_2013,2013,2012,2008,Top-omega supplier,Other (Q1-Q3),0.326585353893644,451,0.292200658671287,0.361427528162229
treat_2013,2013,2012,2009,Top-omega supplier,Other (Q1-Q3),0.339683560618163,518,0.309561381128214,0.369929718733336
treat_2013,2013,2012,2010,Top-omega supplier,Other (Q1-Q3),0.361662129424726,550,0.332325087380726,0.391149603543912
treat_2013,2013,2012,2011,Top-omega supplier,Other (Q1-Q3),0.366041080308885,589,0.33985895058042,0.395667360747585
treat_2013,2013,2012,2012,Top-omega supplier,Other (Q1-Q3),0.374627834794825,583,0.346289881281676,0.402370036241589
treat_2013,2013,2012,2013,Top-omega supplier,Other (Q1-Q3),0.328156246781386,547,0.297119911022893,0.360209152239768
treat_2013,2013,2012,2014,Top-omega supplier,Other (Q1-Q3),0.322949225256297,508,0.29259786411002,0.353524324225711
treat_2013,2013,2012,2015,Top-omega supplier,Other (Q1-Q3),0.349529590525035,480,0.314357672825668,0.381774368318888
treat_2013,2013,2012,2016,Top-omega supplier,Other (Q1-Q3),0.326188337200201,470,0.288669488195151,0.363739415589868
treat_2013,2013,2012,2017,Top-omega supplier,Other (Q1-Q3),0.327866708273576,450,0.293520123033972,0.366632677485128
treat_2013,2013,2012,2018,Top-omega supplier,Other (Q1-Q3),0.317471161318292,425,0.281857015188312,0.355383680981064
treat_2013,2013,2012,2019,Top-omega supplier,Other (Q1-Q3),0.308697189710056,415,0.26825486681234,0.34412040811851
treat_2013,2013,2012,2020,Top-omega supplier,Other (Q1-Q3),0.323946845008787,391,0.287186438790344,0.362857010194952
treat_2013,2013,2012,2021,Top-omega supplier,Other (Q1-Q3),0.337177190360198,380,0.298937577580565,0.374879029501766
treat_2013,2013,2012,2022,Top-omega supplier,Other (Q1-Q3),0.370296020060061,355,0.327017706558773,0.412005278539465
treat_2013,2013,2012,2005,Top-omega supplier,Top quartile,0.458623981708875,134,0.389882109285704,0.525578318074697
treat_2013,2013,2012,2006,Top-omega supplier,Top quartile,0.488903015296831,137,0.419210456002309,0.555907159517497
treat_2013,2013,2012,2007,Top-omega supplier,Top quartile,0.52845767094475,145,0.456501560500704,0.598420322491389
treat_2013,2013,2012,2008,Top-omega supplier,Top quartile,0.531147507676628,151,0.462133969547438,0.595652530534709
treat_2013,2013,2012,2009,Top-omega supplier,Top quartile,0.593613296730185,178,0.537221891193209,0.652616584925112
treat_2013,2013,2012,2010,Top-omega supplier,Top quartile,0.656494125303281,187,0.601504347983038,0.704810673588934
treat_2013,2013,2012,2011,Top-omega supplier,Top quartile,0.649318482345703,196,0.605185160070667,0.691426428772299
treat_2013,2013,2012,2012,Top-omega supplier,Top quartile,0.620772733642104,196,0.576894827935877,0.668360608016208
treat_2013,2013,2012,2013,Top-omega supplier,Top quartile,0.554433001751523,181,0.5049819221735,0.602959052186161
treat_2013,2013,2012,2014,Top-omega supplier,Top quartile,0.528725509866078,179,0.476582300094797,0.581953705622814
treat_2013,2013,2012,2015,Top-omega supplier,Top quartile,0.57413094672391,169,0.515837849904542,0.63364733495387
treat_2013,2013,2012,2016,Top-omega supplier,Top quartile,0.578955592038844,162,0.519607564955544,0.636203184044107
treat_2013,2013,2012,2017,Top-omega supplier,Top quartile,0.568624994032387,156,0.511570739774924,0.631689768286754
treat_2013,2013,2012,2018,Top-omega supplier,Top quartile,0.578762692174494,150,0.515038554661486,0.641063693290308
treat_2013,2013,2012,2019,Top-omega supplier,Top quartile,0.545318911094226,137,0.480101869578424,0.605727065126422
treat_2013,2013,2012,2020,Top-omega supplier,Top quartile,0.534723253183507,134,0.468976577185475,0.603436694061665
treat_2013,2013,2012,2021,Top-omega supplier,Top quartile,0.49661155342883,126,0.425080981827753,0.566700192439641
treat_2013,2013,2012,2022,Top-omega supplier,Top quartile,0.496044688588203,122,0.425948889433885,0.565050306792053
treat_2017,2017,2016,2005,Bottom-omega supplier,All cells,0.196155261759131,3919,0.185492692055913,0.20718304636226
treat_2017,2017,2016,2006,Bottom-omega supplier,All cells,0.225733144696361,4573,0.215418128223615,0.237558106392039
treat_2017,2017,2016,2007,Bottom-omega supplier,All cells,0.19170051867288,4403,0.182022001891475,0.201432372905328
treat_2017,2017,2016,2008,Bottom-omega supplier,All cells,0.255452914088481,4818,0.244528558024478,0.266251217366316
treat_2017,2017,2016,2009,Bottom-omega supplier,All cells,0.280278506910322,5317,0.269700679448281,0.290161971938815
treat_2017,2017,2016,2010,Bottom-omega supplier,All cells,0.305005986014024,5371,0.294387413930762,0.315652127170827
treat_2017,2017,2016,2011,Bottom-omega supplier,All cells,0.311130648705395,5742,0.301179195286005,0.320886716173139
treat_2017,2017,2016,2012,Bottom-omega supplier,All cells,0.366981453313616,6396,0.356931776768111,0.377434644446274
treat_2017,2017,2016,2013,Bottom-omega supplier,All cells,0.395843818011207,6661,0.386527570809814,0.405944282326648
treat_2017,2017,2016,2014,Bottom-omega supplier,All cells,0.439558531645082,7041,0.430275135594208,0.448970474642141
treat_2017,2017,2016,2015,Bottom-omega supplier,All cells,0.446533309791857,7784,0.438228905536698,0.454836289793262
treat_2017,2017,2016,2016,Bottom-omega supplier,All cells,0.398471390276388,7928,0.390851210682442,0.406481760895682
treat_2017,2017,2016,2017,Bottom-omega supplier,All cells,0.350277565689138,7267,0.341909035388823,0.358385414533873
treat_2017,2017,2016,2018,Bottom-omega supplier,All cells,0.313258552816518,6905,0.304290956814826,0.321667317749028
treat_2017,2017,2016,2019,Bottom-omega supplier,All cells,0.293449540925651,6547,0.28495278485727,0.302846175262391
treat_2017,2017,2016,2020,Bottom-omega supplier,All cells,0.287112299888478,6150,0.278361241151135,0.296053246399955
treat_2017,2017,2016,2021,Bottom-omega supplier,All cells,0.276383041853458,5908,0.267540598787847,0.285666632403836
treat_2017,2017,2016,2022,Bottom-omega supplier,All cells,0.237346772111714,5611,0.227475157622644,0.245967490628837
treat_2017,2017,2016,2005,Bottom-omega supplier,Other (Q1-Q3),0.2038895824957,2935,0.190742597710232,0.216292712875236
treat_2017,2017,2016,2006,Bottom-omega supplier,Other (Q1-Q3),0.23655727722828,3434,0.223783648345832,0.248301792489855
treat_2017,2017,2016,2007,Bottom-omega supplier,Other (Q1-Q3),0.199502666655662,3298,0.187425012778295,0.210992214966802
treat_2017,2017,2016,2008,Bottom-omega supplier,Other (Q1-Q3),0.264972560978504,3603,0.252704865304161,0.278493171451971
treat_2017,2017,2016,2009,Bottom-omega supplier,Other (Q1-Q3),0.296145532953587,3959,0.28430334446021,0.30838889588702
treat_2017,2017,2016,2010,Bottom-omega supplier,Other (Q1-Q3),0.311491592002228,4034,0.298601319716135,0.324090604681124
treat_2017,2017,2016,2011,Bottom-omega supplier,Other (Q1-Q3),0.324530626331185,4294,0.312827237493459,0.336166906645928
treat_2017,2017,2016,2012,Bottom-omega supplier,Other (Q1-Q3),0.384481664328115,4780,0.373754666669762,0.39574987889574
treat_2017,2017,2016,2013,Bottom-omega supplier,Other (Q1-Q3),0.4180766328072,4976,0.406766724591292,0.430829852998566
treat_2017,2017,2016,2014,Bottom-omega supplier,Other (Q1-Q3),0.468475590091764,5299,0.458138464858872,0.478989394664957
treat_2017,2017,2016,2015,Bottom-omega supplier,Other (Q1-Q3),0.493164308955279,5848,0.483903659741246,0.50284171157688
treat_2017,2017,2016,2016,Bottom-omega supplier,Other (Q1-Q3),0.450084032976319,5933,0.441106461431416,0.458857712007858
treat_2017,2017,2016,2017,Bottom-omega supplier,Other (Q1-Q3),0.387759996583157,5415,0.377389265064354,0.397731816510985
treat_2017,2017,2016,2018,Bottom-omega supplier,Other (Q1-Q3),0.344181694574544,5161,0.333883300452366,0.353704247557373
treat_2017,2017,2016,2019,Bottom-omega supplier,Other (Q1-Q3),0.318809792524756,4909,0.309262081812143,0.329443674328039
treat_2017,2017,2016,2020,Bottom-omega supplier,Other (Q1-Q3),0.310965717802643,4613,0.299426100878601,0.321766885578496
treat_2017,2017,2016,2021,Bottom-omega supplier,Other (Q1-Q3),0.299770734971069,4451,0.288711194410627,0.310356824393847
treat_2017,2017,2016,2022,Bottom-omega supplier,Other (Q1-Q3),0.254754191689638,4227,0.242590594293403,0.266298743093419
treat_2017,2017,2016,2005,Bottom-omega supplier,Top quartile,0.173085920944265,984,0.154158886514944,0.192604683377979
treat_2017,2017,2016,2006,Bottom-omega supplier,Top quartile,0.193099192883709,1139,0.17501140791025,0.21446231453161
treat_2017,2017,2016,2007,Bottom-omega supplier,Top quartile,0.168414107770423,1105,0.149423946437989,0.186803249491253
treat_2017,2017,2016,2008,Bottom-omega supplier,Top quartile,0.227223047631896,1215,0.206851162500297,0.248344777610027
treat_2017,2017,2016,2009,Bottom-omega supplier,Top quartile,0.234021101825427,1358,0.215474455965785,0.252451349871397
treat_2017,2017,2016,2010,Bottom-omega supplier,Top quartile,0.2854375981633,1337,0.265762209726159,0.305615839280697
treat_2017,2017,2016,2011,Bottom-omega supplier,Top quartile,0.271393422237756,1448,0.252544754510585,0.29120256830593
treat_2017,2017,2016,2012,Bottom-omega supplier,Top quartile,0.315217215288056,1616,0.295022275988489,0.333181954084071
treat_2017,2017,2016,2013,Bottom-omega supplier,Top quartile,0.330187742981615,1685,0.310325486436888,0.348251970554882
treat_2017,2017,2016,2014,Bottom-omega supplier,Top quartile,0.351595562236952,1742,0.333625597983984,0.370483105035207
treat_2017,2017,2016,2015,Bottom-omega supplier,Top quartile,0.305676861905651,1936,0.291290786857909,0.320824241718486
treat_2017,2017,2016,2016,Bottom-omega supplier,Top quartile,0.244978754116643,1995,0.232304647711749,0.256821583505449
treat_2017,2017,2016,2017,Bottom-omega supplier,Top quartile,0.240683957000631,1852,0.22721604840189,0.254810115734089
treat_2017,2017,2016,2018,Bottom-omega supplier,Top quartile,0.22174803985025,1744,0.207758162731888,0.235654244606971
treat_2017,2017,2016,2019,Bottom-omega supplier,Top quartile,0.217446198373753,1638,0.203045824158363,0.231919619278938
treat_2017,2017,2016,2020,Bottom-omega supplier,Top quartile,0.215521007215711,1537,0.200680099967914,0.231742504546303
treat_2017,2017,2016,2021,Bottom-omega supplier,Top quartile,0.204935806392589,1457,0.189707734372865,0.220611501918645
treat_2017,2017,2016,2022,Bottom-omega supplier,Top quartile,0.184181192230296,1384,0.167654310685133,0.200412000127691
treat_2017,2017,2016,2005,Top-omega supplier,All cells,0.227509246609401,3919,0.216069145535036,0.239231058451228
treat_2017,2017,2016,2006,Top-omega supplier,All cells,0.206798481067576,4573,0.19627666135246,0.217675894428982
treat_2017,2017,2016,2007,Top-omega supplier,All cells,0.249512780172058,4403,0.237997800974645,0.261597223584037
treat_2017,2017,2016,2008,Top-omega supplier,All cells,0.218472927109503,4818,0.208088705503161,0.228749863844424
treat_2017,2017,2016,2009,Top-omega supplier,All cells,0.253317017154653,5317,0.243390707421313,0.264007843527615
treat_2017,2017,2016,2010,Top-omega supplier,All cells,0.219037181018481,5371,0.209702815126766,0.228434336269435
treat_2017,2017,2016,2011,Top-omega supplier,All cells,0.262112304774477,5742,0.252165932984371,0.272900566397099
treat_2017,2017,2016,2012,Top-omega supplier,All cells,0.272969635023129,6396,0.263990187832184,0.283043140295174
treat_2017,2017,2016,2013,Top-omega supplier,All cells,0.277008047634463,6661,0.268274703272141,0.285522207589278
treat_2017,2017,2016,2014,Top-omega supplier,All cells,0.278855738507709,7041,0.270215671043772,0.287383881995426
treat_2017,2017,2016,2015,Top-omega supplier,All cells,0.377847496481205,7784,0.369436683264934,0.386100459080961
treat_2017,2017,2016,2016,Top-omega supplier,All cells,0.431659779633283,7928,0.422993447765506,0.439353474242651
treat_2017,2017,2016,2017,Top-omega supplier,All cells,0.415371891365667,7267,0.406117999579876,0.424493945096175
treat_2017,2017,2016,2018,Top-omega supplier,All cells,0.418577135348668,6905,0.408711362954631,0.428840804633739
treat_2017,2017,2016,2019,Top-omega supplier,All cells,0.404482558351433,6547,0.394201159490262,0.415174862933465
treat_2017,2017,2016,2020,Top-omega supplier,All cells,0.392823842915403,6150,0.382299709615937,0.404204159209055
treat_2017,2017,2016,2021,Top-omega supplier,All cells,0.379129072641232,5908,0.369143494931419,0.389853327459818
treat_2017,2017,2016,2022,Top-omega supplier,All cells,0.395753792460421,5611,0.384848188075232,0.40763374829097
treat_2017,2017,2016,2005,Top-omega supplier,Other (Q1-Q3),0.187820615406364,2935,0.175385859696139,0.201930885332488
treat_2017,2017,2016,2006,Top-omega supplier,Other (Q1-Q3),0.166120469335679,3434,0.15503985902829,0.176757768747359
treat_2017,2017,2016,2007,Top-omega supplier,Other (Q1-Q3),0.20312392129664,3298,0.191414150568711,0.215276524808185
treat_2017,2017,2016,2008,Top-omega supplier,Other (Q1-Q3),0.172969864776226,3603,0.162248179704044,0.184485616038061
treat_2017,2017,2016,2009,Top-omega supplier,Other (Q1-Q3),0.208432394055221,3959,0.19805433492847,0.22043264715943
treat_2017,2017,2016,2010,Top-omega supplier,Other (Q1-Q3),0.191091229363174,4034,0.180516138368763,0.202003700988814
treat_2017,2017,2016,2011,Top-omega supplier,Other (Q1-Q3),0.219972068455764,4294,0.208488053001055,0.230429153949522
treat_2017,2017,2016,2012,Top-omega supplier,Other (Q1-Q3),0.231441352167098,4780,0.222016713365918,0.242007612048335
treat_2017,2017,2016,2013,Top-omega supplier,Other (Q1-Q3),0.237034157793855,4976,0.227067440430429,0.246899957031622
treat_2017,2017,2016,2014,Top-omega supplier,Other (Q1-Q3),0.236167442007694,5299,0.225900034015176,0.245775897823952
treat_2017,2017,2016,2015,Top-omega supplier,Other (Q1-Q3),0.325845145111341,5848,0.315701595540258,0.335138869930543
treat_2017,2017,2016,2016,Top-omega supplier,Other (Q1-Q3),0.373245011442941,5933,0.363348067318102,0.38318285174143
treat_2017,2017,2016,2017,Top-omega supplier,Other (Q1-Q3),0.36131544909718,5415,0.351345152454072,0.371285304708491
treat_2017,2017,2016,2018,Top-omega supplier,Other (Q1-Q3),0.36652036135565,5161,0.355389758667406,0.37795789591572
treat_2017,2017,2016,2019,Top-omega supplier,Other (Q1-Q3),0.353507737209345,4909,0.341644351137432,0.365706487428243
treat_2017,2017,2016,2020,Top-omega supplier,Other (Q1-Q3),0.345272303175753,4613,0.332513697268529,0.356931110619325
treat_2017,2017,2016,2021,Top-omega supplier,Other (Q1-Q3),0.330577090636398,4451,0.319019151304019,0.341974533703659
treat_2017,2017,2016,2022,Top-omega supplier,Other (Q1-Q3),0.351666379307815,4227,0.338190101614465,0.363814840841933
treat_2017,2017,2016,2005,Top-omega supplier,Top quartile,0.345889462646914,984,0.320058057296007,0.372624538150057
treat_2017,2017,2016,2006,Top-omega supplier,Top quartile,0.329439650766728,1139,0.305275662413631,0.353491794248723
treat_2017,2017,2016,2007,Top-omega supplier,Top quartile,0.387965682046383,1105,0.362291817833794,0.413050907931134
treat_2017,2017,2016,2008,Top-omega supplier,Top quartile,0.353409168744727,1215,0.32852830943413,0.377159430705051
treat_2017,2017,2016,2009,Top-omega supplier,Top quartile,0.384169905851748,1358,0.362372700290907,0.405725043871698
treat_2017,2017,2016,2010,Top-omega supplier,Top quartile,0.303355781600013,1337,0.283143735198244,0.325988626238713
treat_2017,2017,2016,2011,Top-omega supplier,Top quartile,0.387077895073199,1448,0.365483695634519,0.407888397729645
treat_2017,2017,2016,2012,Top-omega supplier,Top quartile,0.39580700634233,1616,0.37691283429985,0.416321225126588
treat_2017,2017,2016,2013,Top-omega supplier,Top quartile,0.395055570392247,1685,0.375840538049037,0.414439134672806
treat_2017,2017,2016,2014,Top-omega supplier,Top quartile,0.408709517585537,1742,0.389220594260378,0.427595375992553
treat_2017,2017,2016,2015,Top-omega supplier,Top quartile,0.53492897933811,1936,0.518570592413325,0.550433881079169
treat_2017,2017,2016,2016,Top-omega supplier,Top quartile,0.605381493755237,1995,0.58969841853592,0.620613200834361
treat_2017,2017,2016,2017,Top-omega supplier,Top quartile,0.573425689899066,1852,0.557170341245229,0.590653813110888
treat_2017,2017,2016,2018,Top-omega supplier,Top quartile,0.572628173524107,1744,0.5550183905335,0.590762434391798
treat_2017,2017,2016,2019,Top-omega supplier,Top quartile,0.557251420980559,1638,0.538211880900302,0.573463062759327
treat_2017,2017,2016,2020,Top-omega supplier,Top quartile,0.535540337918009,1537,0.513718589257572,0.555577759282297
treat_2017,2017,2016,2021,Top-omega supplier,Top quartile,0.527450879026624,1457,0.50730850025472,0.549459986935722
treat_2017,2017,2016,2022,Top-omega supplier,Top quartile,0.530405161966247,1384,0.508350781727449,0.553534158713578
